{
"type": "FeatureCollection",
"crs": { "type": "name", "properties": { "name": "urn:ogc:def:crs:OGC:1.3:CRS84" } },
"features": [
{ "type": "Feature", "properties": { "PARK_ID": 393, "FACILITYID": 26249, "NAME": "Wading Pool - Crestview", "NAME_FR": "Pataugeoire - Crestview", "ADDRESS": "58 Fieldrow St.", "ADDRESS_FR": "58, rue Fieldrow", "ACCESSIBLE": "no\/non", "OPEN": null, "MODIFIED_D": "2017\/07\/06", "CREATED_DA": null, "SEASON": "<Null>", "SEASON_FR": "<Null>", "MONDAY": "<Null>", "MONDAY_FR": "<Null>", "TUESDAY": "<Null>", "TUESDAY_FR": "<Null>", "WEDNESDAY": "<Null>", "WEDNESDAY_": "<Null>", "THURSDAY": "<Null>", "THURSDAY_F": "<Null>", "FRIDAY": "<Null>", "FRIDAY_FR": "<Null>", "SATURDAY": "<Null>", "SATURDAY_F": "<Null>", "SUNDAY": "<Null>", "SUNDAY_FR": "<Null>", "LINK": "http:\/\/ottawa.ca\/en\/residents\/recreation-and-parks\/swimming#wading-pool-locations", "LINK_FR": "http:\/\/ottawa.ca\/fr\/residents\/loisirs-et-parcs\/natation-recreative#emplacement-des-pataugeoires-et-horaire-des-baignades", "LINK_LABEL": "Wading Pools", "LINK_LAB_1": "Pataugeoires", "LINK_DESCR": null, "LINK_DES_1": null, "PARKNAME": "Bob Mitchell Park", "PARKNAME_F": "Parc Bob-Mitchell", "PARKADDRES": "58 Fieldrow Street, Nepean", "PARKADDR_1": "58, rue Fieldrow, Nepean" }, "geometry": { "type": "Point", "coordinates": [ -75.737956709042493, 45.344387632924054 ] } },
{ "type": "Feature", "properties": { "PARK_ID": 161, "FACILITYID": 3510, "NAME": "Wading Pool - Bellevue Manor", "NAME_FR": "Pataugeoire - Bellevue Manor", "ADDRESS": "1520 Caldwell Ave.", "ADDRESS_FR": "1520, av. Caldwell", "ACCESSIBLE": "no\/non", "OPEN": null, "MODIFIED_D": "2017\/07\/06", "CREATED_DA": null, "SEASON": "June 29, 2017 to August 24, 2017", "SEASON_FR": "29 juin 2017 au 24 août 2017", "MONDAY": "11 am to 6 pm", "MONDAY_FR": "11 h à 18 h", "TUESDAY": "Noon to 7 pm", "TUESDAY_FR": "12 h à 19 h", "WEDNESDAY": "Noon to 7 pm", "WEDNESDAY_": "12 h à 19 h", "THURSDAY": "Closed", "THURSDAY_F": "fermé", "FRIDAY": "11 am to 6 pm", "FRIDAY_FR": "11 h à 18 h", "SATURDAY": "Noon to 5 pm", "SATURDAY_F": "12 h à 17 h", "SUNDAY": "Noon to 5 pm", "SUNDAY_FR": "12 h à 17 h", "LINK": "http:\/\/ottawa.ca\/en\/residents\/recreation-and-parks\/swimming#wading-pool-locations", "LINK_FR": "http:\/\/ottawa.ca\/fr\/residents\/loisirs-et-parcs\/natation-recreative#emplacement-des-pataugeoires-et-horaire-des-baignades", "LINK_LABEL": "Wading Pools", "LINK_LAB_1": "Pataugeoires", "LINK_DESCR": null, "LINK_DES_1": null, "PARKNAME": "Bellevue Manor Park", "PARKNAME_F": "Parc Manor Bellevue", "PARKADDRES": "1520 Caldwell Avenue, Ottawa", "PARKADDR_1": "1520, avenue Caldwell, Ottawa" }, "geometry": { "type": "Point", "coordinates": [ -75.738868568780319, 45.372233154139181 ] } },
{ "type": "Feature", "properties": { "PARK_ID": 660, "FACILITYID": 3521, "NAME": "Wading Pool - Dutchie's Hole", "NAME_FR": "Pataugeoire - Dutchie's Hole", "ADDRESS": "154 Mann Ave.", "ADDRESS_FR": "154, av. Mann", "ACCESSIBLE": "no\/non", "OPEN": null, "MODIFIED_D": "2017\/07\/06", "CREATED_DA": null, "SEASON": "June 29, 2017 to August 24, 2017", "SEASON_FR": "29 juin 2017 au 24 août 2017", "MONDAY": "11 am to 6 pm", "MONDAY_FR": "11 h à 18 h", "TUESDAY": "Closed", "TUESDAY_FR": "fermé", "WEDNESDAY": "Noon to 7 pm", "WEDNESDAY_": "12 h à 19 h", "THURSDAY": "Noon to 7 pm", "THURSDAY_F": "12 h à 19 h", "FRIDAY": "11 am to 6 pm", "FRIDAY_FR": "11 h à 18 h", "SATURDAY": "Noon to 5 pm", "SATURDAY_F": "12 h à 17 h", "SUNDAY": "Noon to 5 pm", "SUNDAY_FR": "12 h à 17 h", "LINK": "http:\/\/ottawa.ca\/en\/residents\/recreation-and-parks\/swimming#wading-pool-locations", "LINK_FR": "http:\/\/ottawa.ca\/fr\/residents\/loisirs-et-parcs\/natation-recreative#emplacement-des-pataugeoires-et-horaire-des-baignades", "LINK_LABEL": "Wading Pools", "LINK_LAB_1": "Pataugeoires", "LINK_DESCR": null, "LINK_DES_1": null, "PARKNAME": "Dutchie's Hole Park", "PARKNAME_F": "Parc Dutchie's Hole", "PARKADDRES": "154 Mann Avenue", "PARKADDR_1": "154, avenue Mann" }, "geometry": { "type": "Point", "coordinates": [ -75.668098641076682, 45.420784695340274 ] } },
{ "type": "Feature", "properties": { "PARK_ID": 208, "FACILITYID": 3511, "NAME": "Wading Pool - Bingham", "NAME_FR": "Pataugeoire - Bingham", "ADDRESS": "145 Cathcart St", "ADDRESS_FR": "145, rue Cathcart", "ACCESSIBLE": "no\/non", "OPEN": null, "MODIFIED_D": "2017\/07\/06", "CREATED_DA": null, "SEASON": "June 29, 2017 to August 24, 2017", "SEASON_FR": "29 juin 2017 au 24 août 2017", "MONDAY": "11 am to 6 pm", "MONDAY_FR": "11 h à 18 h", "TUESDAY": "Closed", "TUESDAY_FR": "fermé", "WEDNESDAY": "Noon to 7 pm", "WEDNESDAY_": "12 h à 19 h", "THURSDAY": "Noon to 7 pm", "THURSDAY_F": "12 h à 19 h", "FRIDAY": "11 am to 6 pm", "FRIDAY_FR": "11 h à 18 h", "SATURDAY": "Noon to 5 pm", "SATURDAY_F": "12 h à 17 h", "SUNDAY": "Noon to 5 pm", "SUNDAY_FR": "12 h à 17 h", "LINK": "http:\/\/ottawa.ca\/en\/residents\/recreation-and-parks\/swimming#wading-pool-locations", "LINK_FR": "http:\/\/ottawa.ca\/fr\/residents\/loisirs-et-parcs\/natation-recreative#emplacement-des-pataugeoires-et-horaire-des-baignades", "LINK_LABEL": "Wading Pools", "LINK_LAB_1": "Pataugeoires", "LINK_DESCR": null, "LINK_DES_1": null, "PARKNAME": "Bingham Park", "PARKNAME_F": "Parc Bingham", "PARKADDRES": "145 Cathcart Street, Ottawa", "PARKADDR_1": "145, rue Cathcart, Ottawa" }, "geometry": { "type": "Point", "coordinates": [ -75.695707142658449, 45.433645107791307 ] } },
{ "type": "Feature", "properties": { "PARK_ID": 244, "FACILITYID": 3505, "NAME": "Wading Pool - Alvin Heights", "NAME_FR": "Pataugeoire - Alvin Heights", "ADDRESS": "349 Claremont Dr.", "ADDRESS_FR": "349, prom. Claremont", "ACCESSIBLE": "no\/non", "OPEN": null, "MODIFIED_D": "2017\/07\/06", "CREATED_DA": null, "SEASON": "July 4, 2017 to August 28, 2017", "SEASON_FR": "4 juillet 2017 au 28 août 2017", "MONDAY": "11 am to 6 pm", "MONDAY_FR": "11 h à 18 h", "TUESDAY": "Closed", "TUESDAY_FR": "fermé", "WEDNESDAY": "Noon to 7 pm", "WEDNESDAY_": "12 h à 19 h", "THURSDAY": "Noon to 7 pm", "THURSDAY_F": "12 h à 19 h", "FRIDAY": "11 am to 6 pm", "FRIDAY_FR": "11 h à 18 h", "SATURDAY": "Noon to 5 pm", "SATURDAY_F": "12 h à 17 h", "SUNDAY": "Noon to 5 pm", "SUNDAY_FR": "12 h à 17 h", "LINK": "http:\/\/ottawa.ca\/en\/residents\/recreation-and-parks\/swimming#wading-pool-locations", "LINK_FR": "http:\/\/ottawa.ca\/fr\/residents\/loisirs-et-parcs\/natation-recreative#emplacement-des-pataugeoires-et-horaire-des-baignades", "LINK_LABEL": "Wading Pools", "LINK_LAB_1": "Pataugeoires", "LINK_DESCR": null, "LINK_DES_1": null, "PARKNAME": "Alvin Heights Park", "PARKNAME_F": "Parc Alvin Heights", "PARKADDRES": "352 London Terrace, Ottawa", "PARKADDR_1": "352, terrasse London, Ottawa" }, "geometry": { "type": "Point", "coordinates": [ -75.651008703653176, 45.451479564355289 ] } },
{ "type": "Feature", "properties": { "PARK_ID": 328, "FACILITYID": 3507, "NAME": "Wading Pool - Balena", "NAME_FR": "Pataugeoire - Balena", "ADDRESS": "1640 Devon Rd.", "ADDRESS_FR": "1640, ch. Devon", "ACCESSIBLE": "no\/non", "OPEN": null, "MODIFIED_D": "2017\/07\/06", "CREATED_DA": null, "SEASON": "July 4, 2017 to August 28, 2017", "SEASON_FR": "4 juillet 2017 au 28 août 2017", "MONDAY": "11 am to 6 pm", "MONDAY_FR": "11 h à 18 h", "TUESDAY": "Noon to 7 pm", "TUESDAY_FR": "12 h à 19 h", "WEDNESDAY": "Noon to 7 pm", "WEDNESDAY_": "12 h à 19 h", "THURSDAY": "Noon to 7 pm", "THURSDAY_F": "12 h à 19 h", "FRIDAY": "Closed", "FRIDAY_FR": "fermé", "SATURDAY": "Noon to 5 pm", "SATURDAY_F": "12 h à 17 h", "SUNDAY": "Noon to 5 pm", "SUNDAY_FR": "12 h à 17 h", "LINK": "http:\/\/ottawa.ca\/en\/residents\/recreation-and-parks\/swimming#wading-pool-locations", "LINK_FR": "http:\/\/ottawa.ca\/fr\/residents\/loisirs-et-parcs\/natation-recreative#emplacement-des-pataugeoires-et-horaire-des-baignades", "LINK_LABEL": "Wading Pools", "LINK_LAB_1": "Pataugeoires", "LINK_DESCR": null, "LINK_DES_1": null, "PARKNAME": "Balena Park", "PARKNAME_F": "Parc Balena", "PARKADDRES": "1640 Devon Street, Ottawa", "PARKADDR_1": "1640, rue Devon, Ottawa" }, "geometry": { "type": "Point", "coordinates": [ -75.643413963860979, 45.405059986943861 ] } },
{ "type": "Feature", "properties": { "PARK_ID": 104, "FACILITYID": 3508, "NAME": "Wading Pool - Bel Air", "NAME_FR": "Pataugeoire - Bel Air", "ADDRESS": "2149 Berwick Ave.", "ADDRESS_FR": "2149, av. Berwick", "ACCESSIBLE": "no\/non", "OPEN": null, "MODIFIED_D": "2017\/07\/06", "CREATED_DA": null, "SEASON": "July 4, 2017 to August 28, 2017", "SEASON_FR": "4 juillet 2017 au 28 août 2017", "MONDAY": "11 am to 6 pm", "MONDAY_FR": "11 h à 18 h", "TUESDAY": "Noon to 7 pm", "TUESDAY_FR": "12 h à 19 h", "WEDNESDAY": "Closed", "WEDNESDAY_": "fermé", "THURSDAY": "Noon to 7 pm", "THURSDAY_F": "12 h à 19 h", "FRIDAY": "11 am to 6 pm", "FRIDAY_FR": "11 h à 18 h", "SATURDAY": "Noon to 5 pm", "SATURDAY_F": "12 h à 17 h", "SUNDAY": "Noon to 5 pm", "SUNDAY_FR": "12 h à 17 h", "LINK": "http:\/\/ottawa.ca\/en\/residents\/recreation-and-parks\/swimming#wading-pool-locations", "LINK_FR": "http:\/\/ottawa.ca\/fr\/residents\/loisirs-et-parcs\/natation-recreative#emplacement-des-pataugeoires-et-horaire-des-baignades", "LINK_LABEL": "Wading Pools", "LINK_LAB_1": "Pataugeoires", "LINK_DESCR": null, "LINK_DES_1": null, "PARKNAME": "Bel-Air Park", "PARKNAME_F": "Parc Bel-Air", "PARKADDRES": "2149 Berwick Avenue, Ottawa", "PARKADDR_1": "2149, avenue Berwick, Ottawa" }, "geometry": { "type": "Point", "coordinates": [ -75.762377623109913, 45.35750853073128 ] } },
{ "type": "Feature", "properties": { "PARK_ID": 584, "FACILITYID": 3509, "NAME": "Wading Pool - Raven", "NAME_FR": "Pataugeoire - Raven", "ADDRESS": "1500 Larose Ave.", "ADDRESS_FR": "1500, av. Larose", "ACCESSIBLE": "no\/non", "OPEN": null, "MODIFIED_D": "2017\/07\/06", "CREATED_DA": null, "SEASON": "June 29, 2017 to August 24, 2017", "SEASON_FR": "29 juin 2017 au 24 août 2017", "MONDAY": "11 am to 6 pm", "MONDAY_FR": "11 h à 18 h", "TUESDAY": "Closed", "TUESDAY_FR": "fermé", "WEDNESDAY": "Noon to 7 pm", "WEDNESDAY_": "12 h à 19 h", "THURSDAY": "Noon to 7 pm", "THURSDAY_F": "12 h à 19 h", "FRIDAY": "11 am to 6 pm", "FRIDAY_FR": "11 h à 18 h", "SATURDAY": "Noon to 5 pm", "SATURDAY_F": "12 h à 17 h", "SUNDAY": "Noon to 5 pm", "SUNDAY_FR": "12 h à 17 h", "LINK": "http:\/\/ottawa.ca\/en\/residents\/recreation-and-parks\/swimming#wading-pool-locations", "LINK_FR": "http:\/\/ottawa.ca\/fr\/residents\/loisirs-et-parcs\/natation-recreative#emplacement-des-pataugeoires-et-horaire-des-baignades", "LINK_LABEL": "Wading Pools", "LINK_LAB_1": "Pataugeoires", "LINK_DESCR": null, "LINK_DES_1": null, "PARKNAME": "Raven Park", "PARKNAME_F": "Parc Raven", "PARKADDRES": "1500 Larose Avenue, Ottawa", "PARKADDR_1": "1500, avenue Larose, Ottawa" }, "geometry": { "type": "Point", "coordinates": [ -75.740427905022671, 45.376538041017916 ] } },
{ "type": "Feature", "properties": { "PARK_ID": 182, "FACILITYID": 3515, "NAME": "Wading Pool - Britannia", "NAME_FR": "Pataugeoire - Britannia", "ADDRESS": "2844 Ahern Ave.", "ADDRESS_FR": "2844, av. Ahern", "ACCESSIBLE": "no\/non", "OPEN": null, "MODIFIED_D": "2017\/07\/06", "CREATED_DA": null, "SEASON": "July 4, 2017 to August 28, 2017", "SEASON_FR": "4 juillet 2017 au 28 août 2017", "MONDAY": "Closed", "MONDAY_FR": "fermé", "TUESDAY": "Noon to 7 pm", "TUESDAY_FR": "12 h à 19 h", "WEDNESDAY": "Noon to 7 pm", "WEDNESDAY_": "12 h à 19 h", "THURSDAY": "Noon to 7 pm", "THURSDAY_F": "12 h à 19 h", "FRIDAY": "11 am to 6 pm", "FRIDAY_FR": "11 h à 18 h", "SATURDAY": "Noon to 5 pm", "SATURDAY_F": "12 h à 17 h", "SUNDAY": "Noon to 5 pm", "SUNDAY_FR": "12 h à 17 h", "LINK": "http:\/\/ottawa.ca\/en\/residents\/recreation-and-parks\/swimming#wading-pool-locations", "LINK_FR": "http:\/\/ottawa.ca\/fr\/residents\/loisirs-et-parcs\/natation-recreative#emplacement-des-pataugeoires-et-horaire-des-baignades", "LINK_LABEL": "Wading Pools", "LINK_LAB_1": "Pataugeoires", "LINK_DESCR": null, "LINK_DES_1": null, "PARKNAME": "Britannia Park", "PARKNAME_F": "Parc Britannia", "PARKADDRES": "2805 Carling Avenue, Ottawa", "PARKADDR_1": "2805, avenue Carling, Ottawa" }, "geometry": { "type": "Point", "coordinates": [ -75.79935158132524, 45.36063791083469 ] } },
{ "type": "Feature", "properties": { "PARK_ID": 375, "FACILITYID": 3520, "NAME": "Wading Pool - Chaudiere", "NAME_FR": "Pataugeoire - Chaudière", "ADDRESS": "68 Elm St.", "ADDRESS_FR": "68, rue Elm", "ACCESSIBLE": "yes\/oui", "OPEN": null, "MODIFIED_D": "2017\/04\/25", "CREATED_DA": null, "SEASON": "June 29, 2017 to August 24, 2017", "SEASON_FR": "29 juin 2017 au 24 août 2017", "MONDAY": "11 am to 6 pm", "MONDAY_FR": "11 h à 18 h", "TUESDAY": "Noon to 7 pm", "TUESDAY_FR": "12 h à 19 h", "WEDNESDAY": "Noon to 7 pm", "WEDNESDAY_": "12 h à 19 h", "THURSDAY": "Noon to 7 pm", "THURSDAY_F": "12 h à 19 h", "FRIDAY": "Closed", "FRIDAY_FR": "fermé", "SATURDAY": "Noon to 5 pm", "SATURDAY_F": "12 h à 17 h", "SUNDAY": "Noon to 5 pm", "SUNDAY_FR": "12 h à 17 h", "LINK": "http:\/\/ottawa.ca\/en\/residents\/recreation-and-parks\/swimming#wading-pool-locations", "LINK_FR": "http:\/\/ottawa.ca\/fr\/residents\/loisirs-et-parcs\/natation-recreative#emplacement-des-pataugeoires-et-horaire-des-baignades", "LINK_LABEL": "Wading Pools", "LINK_LAB_1": "Pataugeoires", "LINK_DESCR": null, "LINK_DES_1": null, "PARKNAME": "Chaudière Park", "PARKNAME_F": "Parc Chaudière", "PARKADDRES": "68 Elm Street, Ottawa", "PARKADDR_1": "68, rue Elm, Ottawa" }, "geometry": { "type": "Point", "coordinates": [ -75.713538700632071, 45.40984992554796 ] } },
{ "type": "Feature", "properties": { "PARK_ID": 793, "FACILITYID": 3557, "NAME": "Wading Pool - Parkdale", "NAME_FR": "Pataugeoire - Parkdale", "ADDRESS": "366 Parkdale Ave.", "ADDRESS_FR": "366, av. Parkdale", "ACCESSIBLE": "no\/non", "OPEN": null, "MODIFIED_D": "2017\/07\/06", "CREATED_DA": null, "SEASON": "June 29, 2017 to August 24, 2017", "SEASON_FR": "29 juin 2017 au 24 août 2017", "MONDAY": "11 am to 6 pm", "MONDAY_FR": "11 h à 18 h", "TUESDAY": "Noon to 7 pm", "TUESDAY_FR": "12 h à 19 h", "WEDNESDAY": "Noon to 7 pm", "WEDNESDAY_": "12 h à 19 h", "THURSDAY": "Closed", "THURSDAY_F": "fermé", "FRIDAY": "11 am to 6 pm", "FRIDAY_FR": "11 h à 18 h", "SATURDAY": "Noon to 5 pm", "SATURDAY_F": "12 h à 17 h", "SUNDAY": "Noon to 5 pm", "SUNDAY_FR": "12 h à 17 h", "LINK": "http:\/\/ottawa.ca\/en\/residents\/recreation-and-parks\/swimming#wading-pool-locations", "LINK_FR": "http:\/\/ottawa.ca\/fr\/residents\/loisirs-et-parcs\/natation-recreative#emplacement-des-pataugeoires-et-horaire-des-baignades", "LINK_LABEL": "Wading Pools", "LINK_LAB_1": "Pataugeoires", "LINK_DESCR": null, "LINK_DES_1": null, "PARKNAME": "Parkdale Park", "PARKNAME_F": "Parc Parkdale", "PARKADDRES": "366 Parkdale Avenue, Ottawa", "PARKADDR_1": "366, avenue Parkdale, Ottawa" }, "geometry": { "type": "Point", "coordinates": [ -75.730230350941724, 45.401386619089124 ] } },
{ "type": "Feature", "properties": { "PARK_ID": 880, "FACILITYID": 3504, "NAME": "Wading Pool - Alta Vista", "NAME_FR": "Pataugeoire - Alta Vista", "ADDRESS": "1309 Randall Ave.", "ADDRESS_FR": "1309, av. Randall", "ACCESSIBLE": "no\/non", "OPEN": null, "MODIFIED_D": "2017\/07\/06", "CREATED_DA": null, "SEASON": "July 4, 2017 to August 28, 2017", "SEASON_FR": "4 juillet 2017 au 28 août 2017", "MONDAY": "Closed", "MONDAY_FR": "fermé", "TUESDAY": "Noon to 7 pm", "TUESDAY_FR": "12 h à 19 h", "WEDNESDAY": "Noon to 7 pm", "WEDNESDAY_": "12 h à 19 h", "THURSDAY": "Noon to 7 pm", "THURSDAY_F": "12 h à 19 h", "FRIDAY": "11 am to 6 pm", "FRIDAY_FR": "11 h à 18 h", "SATURDAY": "Noon to 5 pm", "SATURDAY_F": "12 h à 17 h", "SUNDAY": "Noon to 5 pm", "SUNDAY_FR": "12 h à 17 h", "LINK": "http:\/\/ottawa.ca\/en\/residents\/recreation-and-parks\/swimming#wading-pool-locations", "LINK_FR": "http:\/\/ottawa.ca\/fr\/residents\/loisirs-et-parcs\/natation-recreative#emplacement-des-pataugeoires-et-horaire-des-baignades", "LINK_LABEL": "Wading Pools", "LINK_LAB_1": "Pataugeoires", "LINK_DESCR": null, "LINK_DES_1": null, "PARKNAME": "Alta Vista Park", "PARKNAME_F": "Parc Alta Vista", "PARKADDRES": "1309 Randall Avenue, Ottawa", "PARKADDR_1": "1309, avenue Randall, Ottawa" }, "geometry": { "type": "Point", "coordinates": [ -75.666397145428704, 45.383081724040146 ] } },
{ "type": "Feature", "properties": { "PARK_ID": 48, "FACILITYID": 3518, "NAME": "Wading Pool - Cecil Morrison", "NAME_FR": "Pataugeoire - Cecil-Morrison", "ADDRESS": "1332 Avenue N.", "ADDRESS_FR": "1332, Avenue N", "ACCESSIBLE": "no\/non", "OPEN": null, "MODIFIED_D": "2017\/07\/06", "CREATED_DA": null, "SEASON": "June 29, 2017 to August 24, 2017", "SEASON_FR": "29 juin 2017 au 24 août 2017", "MONDAY": "11 am to 6 pm", "MONDAY_FR": "11 h à 18 h", "TUESDAY": "Noon to 7 pm", "TUESDAY_FR": "12 h à 19 h", "WEDNESDAY": "Noon to 7 pm", "WEDNESDAY_": "12 h à 19 h", "THURSDAY": "Noon to 7 pm", "THURSDAY_F": "12 h à 19 h", "FRIDAY": "11 am to 6 pm", "FRIDAY_FR": "11 h à 18 h", "SATURDAY": "Closed", "SATURDAY_F": "fermé", "SUNDAY": "Noon to 5 pm", "SUNDAY_FR": "12 h à 17 h", "LINK": "http:\/\/ottawa.ca\/en\/residents\/recreation-and-parks\/swimming#wading-pool-locations", "LINK_FR": "http:\/\/ottawa.ca\/fr\/residents\/loisirs-et-parcs\/natation-recreative#emplacement-des-pataugeoires-et-horaire-des-baignades", "LINK_LABEL": "Wading Pools", "LINK_LAB_1": "Pataugeoires", "LINK_DESCR": null, "LINK_DES_1": null, "PARKNAME": "Cecil Morrison Park", "PARKNAME_F": "Parc Cecil-Morrison", "PARKADDRES": "1332 Avenue N, Ottawa", "PARKADDR_1": "1332, avenue N, Ottawa" }, "geometry": { "type": "Point", "coordinates": [ -75.645996115646469, 45.417175891787146 ] } },
{ "type": "Feature", "properties": { "PARK_ID": 479, "FACILITYID": 3533, "NAME": "Wading Pool - Heron", "NAME_FR": "Pataugeoire - Heron", "ADDRESS": "999 Heron Rd.", "ADDRESS_FR": "999, ch. Heron", "ACCESSIBLE": "no\/non", "OPEN": null, "MODIFIED_D": "2017\/07\/06", "CREATED_DA": null, "SEASON": "June 29, 2017 to August 24, 2017", "SEASON_FR": "29 juin 2017 au 24 août 2017", "MONDAY": "11 am to 6 pm", "MONDAY_FR": "11 h à 18 h", "TUESDAY": "Noon to 7 pm", "TUESDAY_FR": "12 h à 19 h", "WEDNESDAY": "Noon to 7 pm", "WEDNESDAY_": "12 h à 19 h", "THURSDAY": "Noon to 7 pm", "THURSDAY_F": "12 h à 19 h", "FRIDAY": "Closed", "FRIDAY_FR": "fermé", "SATURDAY": "Noon to 5 pm", "SATURDAY_F": "12 h à 17 h", "SUNDAY": "Noon to 5 pm", "SUNDAY_FR": "12 h à 17 h", "LINK": "http:\/\/ottawa.ca\/en\/residents\/recreation-and-parks\/swimming#wading-pool-locations", "LINK_FR": "http:\/\/ottawa.ca\/fr\/residents\/loisirs-et-parcs\/natation-recreative#emplacement-des-pataugeoires-et-horaire-des-baignades", "LINK_LABEL": "Wading Pools", "LINK_LAB_1": "Pataugeoires", "LINK_DESCR": null, "LINK_DES_1": null, "PARKNAME": "Heron Park", "PARKNAME_F": "Parc Heron", "PARKADDRES": "999 Heron Road", "PARKADDR_1": "999, chemin Heron" }, "geometry": { "type": "Point", "coordinates": [ -75.677265530777845, 45.379555408333772 ] } },
{ "type": "Feature", "properties": { "PARK_ID": 249, "FACILITYID": 3513, "NAME": "Wading Pool - Brantwood", "NAME_FR": "Pataugeoire - Brantwood", "ADDRESS": "120 Clegg St.", "ADDRESS_FR": "120, rue Clegg", "ACCESSIBLE": "no\/non", "OPEN": null, "MODIFIED_D": "2017\/07\/06", "CREATED_DA": null, "SEASON": "July 4, 2017 to August 28, 2017", "SEASON_FR": "4 juillet 2017 au 28 août 2017", "MONDAY": "Closed", "MONDAY_FR": "fermé", "TUESDAY": "Noon to 7 pm", "TUESDAY_FR": "12 h à 19 h", "WEDNESDAY": "Noon to 7 pm", "WEDNESDAY_": "12 h à 19 h", "THURSDAY": "Noon to 7 pm", "THURSDAY_F": "12 h à 19 h", "FRIDAY": "11 am to 6 pm", "FRIDAY_FR": "11 h à 18 h", "SATURDAY": "Noon to 5 pm", "SATURDAY_F": "12 h à 17 h", "SUNDAY": "Noon to 5 pm", "SUNDAY_FR": "12 h à 17 h", "LINK": "http:\/\/ottawa.ca\/en\/residents\/recreation-and-parks\/swimming#wading-pool-locations", "LINK_FR": "http:\/\/ottawa.ca\/fr\/residents\/loisirs-et-parcs\/natation-recreative#emplacement-des-pataugeoires-et-horaire-des-baignades", "LINK_LABEL": "Wading Pools", "LINK_LAB_1": "Pataugeoires", "LINK_DESCR": null, "LINK_DES_1": null, "PARKNAME": "Brantwood Park", "PARKNAME_F": "Parc Brantwood", "PARKADDRES": "39 Onslow Crescent, Ottawa", "PARKADDR_1": "39, croissant Onslow, Ottawa" }, "geometry": { "type": "Point", "coordinates": [ -75.671621785677587, 45.406132203975446 ] } },
{ "type": "Feature", "properties": { "PARK_ID": 618, "FACILITYID": 3545, "NAME": "Wading Pool - Lisa", "NAME_FR": "Pataugeoire - Lisa", "ADDRESS": "6 Lisa Ave.", "ADDRESS_FR": "6, av. Lisa", "ACCESSIBLE": "no\/non", "OPEN": null, "MODIFIED_D": "2017\/07\/06", "CREATED_DA": null, "SEASON": "July 4, 2017 to August 28, 2017", "SEASON_FR": "4 juillet 2017 au 28 août 2017", "MONDAY": "11 am to 6 pm", "MONDAY_FR": "11 h à 18 h", "TUESDAY": "Noon to 7 pm", "TUESDAY_FR": "12 h à 19 h", "WEDNESDAY": "Closed", "WEDNESDAY_": "fermé", "THURSDAY": "Noon to 7 pm", "THURSDAY_F": "12 h à 19 h", "FRIDAY": "11 am to 6 pm", "FRIDAY_FR": "11 h à 18 h", "SATURDAY": "Noon to 5 pm", "SATURDAY_F": "12 h à 17 h", "SUNDAY": "Noon to 5 pm", "SUNDAY_FR": "12 h à 17 h", "LINK": "http:\/\/ottawa.ca\/en\/residents\/recreation-and-parks\/swimming#wading-pool-locations", "LINK_FR": "http:\/\/ottawa.ca\/fr\/residents\/loisirs-et-parcs\/natation-recreative#emplacement-des-pataugeoires-et-horaire-des-baignades", "LINK_LABEL": "Wading Pools", "LINK_LAB_1": "Pataugeoires", "LINK_DESCR": null, "LINK_DES_1": null, "PARKNAME": "Lisa Park", "PARKNAME_F": "Parc Lisa", "PARKADDRES": "6 Lisa Avenue, Ottawa", "PARKADDR_1": "6, avenue Lisa, Ottawa" }, "geometry": { "type": "Point", "coordinates": [ -75.78888493568607, 45.344203611634356 ] } },
{ "type": "Feature", "properties": { "PARK_ID": 1163, "FACILITYID": 3548, "NAME": "Wading Pool - McKellar", "NAME_FR": "Pataugeoire - McKellar", "ADDRESS": "539 Wavell Ave.", "ADDRESS_FR": "539, av. Wavell", "ACCESSIBLE": "no\/non", "OPEN": null, "MODIFIED_D": "2017\/07\/06", "CREATED_DA": null, "SEASON": "Operated by Dovercourt Recreation Centre", "SEASON_FR": "Opéré par Dovercourt Recreation Center", "MONDAY": null, "MONDAY_FR": null, "TUESDAY": null, "TUESDAY_FR": null, "WEDNESDAY": null, "WEDNESDAY_": null, "THURSDAY": null, "THURSDAY_F": null, "FRIDAY": null, "FRIDAY_FR": null, "SATURDAY": null, "SATURDAY_F": null, "SUNDAY": null, "SUNDAY_FR": null, "LINK": "http:\/\/ottawa.ca\/en\/residents\/recreation-and-parks\/swimming#wading-pool-locations", "LINK_FR": "http:\/\/ottawa.ca\/fr\/residents\/loisirs-et-parcs\/natation-recreative#emplacement-des-pataugeoires-et-horaire-des-baignades", "LINK_LABEL": "Wading Pools", "LINK_LAB_1": "Pataugeoires", "LINK_DESCR": null, "LINK_DES_1": null, "PARKNAME": "McKellar Park", "PARKNAME_F": "Parc McKellar", "PARKADDRES": "539 Wavell Avenue, Ottawa", "PARKADDR_1": "539, avenue Wavell, Ottawa" }, "geometry": { "type": "Point", "coordinates": [ -75.766335560318097, 45.383356299319395 ] } },
{ "type": "Feature", "properties": { "PARK_ID": 873, "FACILITYID": 3555, "NAME": "Wading Pool - Overbrook", "NAME_FR": "Pataugeoire - Overbrook", "ADDRESS": "33 Quill St.", "ADDRESS_FR": "33, rue Quill", "ACCESSIBLE": "no\/non", "OPEN": null, "MODIFIED_D": "2017\/07\/06", "CREATED_DA": null, "SEASON": "July 4, 2017 to August 28, 2017", "SEASON_FR": "4 juillet 2017 au 28 août 2017", "MONDAY": "11 am to 6 pm", "MONDAY_FR": "11 h à 18 h", "TUESDAY": "Noon to 7 pm", "TUESDAY_FR": "12 h à 19 h", "WEDNESDAY": "Noon to 7 pm", "WEDNESDAY_": "12 h à 19 h", "THURSDAY": "Noon to 7 pm", "THURSDAY_F": "12 h à 19 h", "FRIDAY": "11 am to 6 pm", "FRIDAY_FR": "11 h à 18 h", "SATURDAY": "Noon to 5 pm", "SATURDAY_F": "12 h à 17 h", "SUNDAY": "Closed", "SUNDAY_FR": "fermé", "LINK": "http:\/\/ottawa.ca\/en\/residents\/recreation-and-parks\/swimming#wading-pool-locations", "LINK_FR": "http:\/\/ottawa.ca\/fr\/residents\/loisirs-et-parcs\/natation-recreative#emplacement-des-pataugeoires-et-horaire-des-baignades", "LINK_LABEL": "Wading Pools", "LINK_LAB_1": "Pataugeoires", "LINK_DESCR": null, "LINK_DES_1": null, "PARKNAME": "Overbrook Park", "PARKNAME_F": "Parc Overbrook", "PARKADDRES": "33 Quill Street, Ottawa", "PARKADDR_1": "33, rue Quill, Ottawa" }, "geometry": { "type": "Point", "coordinates": [ -75.657121027628364, 45.425063416039791 ] } },
{ "type": "Feature", "properties": { "PARK_ID": 130, "FACILITYID": 3556, "NAME": "Wading Pool - Owl", "NAME_FR": "Pataugeoire - Owl", "ADDRESS": "215 Owl Dr.", "ADDRESS_FR": "215, prom. Owl", "ACCESSIBLE": "yes\/oui", "OPEN": null, "MODIFIED_D": "2017\/04\/25", "CREATED_DA": null, "SEASON": "June 29, 2017 to August 24, 2017", "SEASON_FR": "29 juin 2017 au 24 août 2017", "MONDAY": "11 am to 6 pm", "MONDAY_FR": "11 h à 18 h", "TUESDAY": "Noon to 7 pm", "TUESDAY_FR": "12 h à 19 h", "WEDNESDAY": "Noon to 7 pm", "WEDNESDAY_": "12 h à 19 h", "THURSDAY": "Noon to 7 pm", "THURSDAY_F": "12 h à 19 h", "FRIDAY": "11 am to 6 pm", "FRIDAY_FR": "11 h à 18 h", "SATURDAY": "Closed", "SATURDAY_F": "fermé", "SUNDAY": "Closed", "SUNDAY_FR": "fermé", "LINK": "http:\/\/ottawa.ca\/en\/residents\/recreation-and-parks\/swimming#wading-pool-locations", "LINK_FR": "http:\/\/ottawa.ca\/fr\/residents\/loisirs-et-parcs\/natation-recreative#emplacement-des-pataugeoires-et-horaire-des-baignades", "LINK_LABEL": "Wading Pools", "LINK_LAB_1": "Pataugeoires", "LINK_DESCR": null, "LINK_DES_1": null, "PARKNAME": "Owl Park", "PARKNAME_F": "Parc Owl", "PARKADDRES": "215 Owl Drive, Ottawa", "PARKADDR_1": "215, promenade Owl, Ottawa" }, "geometry": { "type": "Point", "coordinates": [ -75.664796501240886, 45.354388100821069 ] } },
{ "type": "Feature", "properties": { "PARK_ID": 808, "FACILITYID": 3561, "NAME": "Wading Pool - Pushman", "NAME_FR": "Pataugeoire - Pushman", "ADDRESS": "1270 Pebble Rd.", "ADDRESS_FR": "1270, ch. Pebble", "ACCESSIBLE": "no\/non", "OPEN": null, "MODIFIED_D": "2017\/07\/06", "CREATED_DA": null, "SEASON": "June 29, 2017 to August 24, 2017", "SEASON_FR": "29 juin 2017 au 24 août 2017", "MONDAY": "11 am to 6 pm", "MONDAY_FR": "11 h à 18 h", "TUESDAY": "Noon to 7 pm", "TUESDAY_FR": "12 h à 19 h", "WEDNESDAY": "Noon to 7 pm", "WEDNESDAY_": "12 h à 19 h", "THURSDAY": "Noon to 7 pm", "THURSDAY_F": "12 h à 19 h", "FRIDAY": "Closed", "FRIDAY_FR": "fermé", "SATURDAY": "Noon to 5 pm", "SATURDAY_F": "12 h à 17 h", "SUNDAY": "Noon to 5 pm", "SUNDAY_FR": "12 h à 17 h", "LINK": "http:\/\/ottawa.ca\/en\/residents\/recreation-and-parks\/swimming#wading-pool-locations", "LINK_FR": "http:\/\/ottawa.ca\/fr\/residents\/loisirs-et-parcs\/natation-recreative#emplacement-des-pataugeoires-et-horaire-des-baignades", "LINK_LABEL": "Wading Pools", "LINK_LAB_1": "Pataugeoires", "LINK_DESCR": null, "LINK_DES_1": null, "PARKNAME": "R. George Pushman Park", "PARKNAME_F": "Parc R.-George-Pushman", "PARKADDRES": "1270 Pebble Road, Ottawa", "PARKADDR_1": "1270, chemin Pebble, Ottawa" }, "geometry": { "type": "Point", "coordinates": [ -75.648252773948187, 45.359589595427472 ] } },
{ "type": "Feature", "properties": { "PARK_ID": 1010, "FACILITYID": 3564, "NAME": "Wading Pool - Sandy Hill", "NAME_FR": "Pataugeoire - Côte-de-Sable", "ADDRESS": "250 Somerset St. E.", "ADDRESS_FR": "250, rue Somerset E.", "ACCESSIBLE": "no\/non", "OPEN": null, "MODIFIED_D": "2017\/07\/06", "CREATED_DA": null, "SEASON": "July 4, 2017 to August 28, 2017", "SEASON_FR": "4 juillet 2017 au 28 août 2017", "MONDAY": "11 am to 6 pm", "MONDAY_FR": "11 h à 18 h", "TUESDAY": "Noon to 7 pm", "TUESDAY_FR": "12 h à 19 h", "WEDNESDAY": "Noon to 7 pm", "WEDNESDAY_": "12 h à 19 h", "THURSDAY": "Closed", "THURSDAY_F": "fermé", "FRIDAY": "11 am to 6 pm", "FRIDAY_FR": "11 h à 18 h", "SATURDAY": "Noon to 5 pm", "SATURDAY_F": "12 h à 17 h", "SUNDAY": "Noon to 5 pm", "SUNDAY_FR": "12 h à 17 h", "LINK": "http:\/\/ottawa.ca\/en\/residents\/recreation-and-parks\/swimming#wading-pool-locations", "LINK_FR": "http:\/\/ottawa.ca\/fr\/residents\/loisirs-et-parcs\/natation-recreative#emplacement-des-pataugeoires-et-horaire-des-baignades", "LINK_LABEL": "Wading Pools", "LINK_LAB_1": "Pataugeoires", "LINK_DESCR": null, "LINK_DES_1": null, "PARKNAME": "Sandy Hill Park and Community Centre", "PARKNAME_F": "Parc et centre communautaire de la Côte-de-Sable", "PARKADDRES": "250 Somerset Street, Ottawa", "PARKADDR_1": "250, rue Somerset, Ottawa" }, "geometry": { "type": "Point", "coordinates": [ -75.676791786319157, 45.421628374955425 ] } },
{ "type": "Feature", "properties": { "PARK_ID": 338, "FACILITYID": 3572, "NAME": "Wading Pool - Westboro", "NAME_FR": "Pataugeoire - Westboro", "ADDRESS": "411 Dovercourt Ave.", "ADDRESS_FR": "411, av. Dovercourt", "ACCESSIBLE": "no\/non", "OPEN": null, "MODIFIED_D": "2017\/07\/06", "CREATED_DA": null, "SEASON": "Operated by Dovercourt Recreation Centre", "SEASON_FR": "Opéré par Dovercourt Recreation Center", "MONDAY": null, "MONDAY_FR": null, "TUESDAY": null, "TUESDAY_FR": null, "WEDNESDAY": null, "WEDNESDAY_": null, "THURSDAY": null, "THURSDAY_F": null, "FRIDAY": null, "FRIDAY_FR": null, "SATURDAY": null, "SATURDAY_F": null, "SUNDAY": null, "SUNDAY_FR": null, "LINK": "http:\/\/ottawa.ca\/en\/residents\/recreation-and-parks\/swimming#wading-pool-locations", "LINK_FR": "http:\/\/ottawa.ca\/fr\/residents\/loisirs-et-parcs\/natation-recreative#emplacement-des-pataugeoires-et-horaire-des-baignades", "LINK_LABEL": "Wading Pools", "LINK_LAB_1": "Pataugeoires", "LINK_DESCR": null, "LINK_DES_1": null, "PARKNAME": "Westboro Kiwanis Park", "PARKNAME_F": "Parc Westboro Kiwanis", "PARKADDRES": "411 Dovercourt Avenue, Ottawa", "PARKADDR_1": "411, avenue Dovercourt, Ottawa" }, "geometry": { "type": "Point", "coordinates": [ -75.753012905671923, 45.383906148155241 ] } },
{ "type": "Feature", "properties": { "PARK_ID": 1186, "FACILITYID": 3574, "NAME": "Wading Pool - Windsor", "NAME_FR": "Pataugeoire - Windsor", "ADDRESS": "1B Windsor Ave.", "ADDRESS_FR": "1B, av. Windsor", "ACCESSIBLE": "yes\/oui", "OPEN": null, "MODIFIED_D": "2017\/04\/25", "CREATED_DA": null, "SEASON": "June 29, 2017 to August 24, 2017", "SEASON_FR": "29 juin 2017 au 24 août 2017", "MONDAY": "11 am to 6 pm", "MONDAY_FR": "11 h à 18 h", "TUESDAY": "Closed", "TUESDAY_FR": "fermé", "WEDNESDAY": "Noon to 7 pm", "WEDNESDAY_": "12 h à 19 h", "THURSDAY": "Noon to 7 pm", "THURSDAY_F": "12 h à 19 h", "FRIDAY": "11 am to 6 pm", "FRIDAY_FR": "11 h à 18 h", "SATURDAY": "Noon to 5 pm", "SATURDAY_F": "12 h à 17 h", "SUNDAY": "Noon to 5 pm", "SUNDAY_FR": "12 h à 17 h", "LINK": "http:\/\/ottawa.ca\/en\/residents\/recreation-and-parks\/swimming#wading-pool-locations", "LINK_FR": "http:\/\/ottawa.ca\/fr\/residents\/loisirs-et-parcs\/natation-recreative#emplacement-des-pataugeoires-et-horaire-des-baignades", "LINK_LABEL": "Wading Pools", "LINK_LAB_1": "Pataugeoires", "LINK_DESCR": null, "LINK_DES_1": null, "PARKNAME": "Windsor Park Ottawa", "PARKNAME_F": "Parc Windsor (Ottawa)", "PARKADDRES": "1B Windsor Avenue, Ottawa", "PARKADDR_1": "1B, avenue Windsor, Ottawa" }, "geometry": { "type": "Point", "coordinates": [ -75.675937217993365, 45.394532186176534 ] } },
{ "type": "Feature", "properties": { "PARK_ID": 22, "FACILITYID": 3576, "NAME": "Wading Pool - Frank Ryan", "NAME_FR": "Pataugeoire - Frank-Ryan", "ADDRESS": "950 Alpine Ave.", "ADDRESS_FR": "950, av. Alpine", "ACCESSIBLE": "no\/non", "OPEN": null, "MODIFIED_D": "2017\/07\/06", "CREATED_DA": null, "SEASON": "June 29, 2017 to August 24, 2017", "SEASON_FR": "29 juin 2017 au 24 août 2017", "MONDAY": "11 am to 6 pm", "MONDAY_FR": "11 h à 18 h", "TUESDAY": "Noon to 7 pm", "TUESDAY_FR": "12 h à 19 h", "WEDNESDAY": "Closed", "WEDNESDAY_": "fermé", "THURSDAY": "Noon to 7 pm", "THURSDAY_F": "12 h à 19 h", "FRIDAY": "11 am to 6 pm", "FRIDAY_FR": "11 h à 18 h", "SATURDAY": "Noon to 5 pm", "SATURDAY_F": "12 h à 17 h", "SUNDAY": "Noon to 5 pm", "SUNDAY_FR": "12 h à 17 h", "LINK": "http:\/\/ottawa.ca\/en\/residents\/recreation-and-parks\/swimming#wading-pool-locations", "LINK_FR": "http:\/\/ottawa.ca\/fr\/residents\/loisirs-et-parcs\/natation-recreative#emplacement-des-pataugeoires-et-horaire-des-baignades", "LINK_LABEL": "Wading Pools", "LINK_LAB_1": "Pataugeoires", "LINK_DESCR": null, "LINK_DES_1": null, "PARKNAME": "Frank Ryan Park", "PARKNAME_F": "Parc Frank-Ryan", "PARKADDRES": "950 Alpine Avenue, Ottawa", "PARKADDR_1": "950, avenue Alpine, Ottawa" }, "geometry": { "type": "Point", "coordinates": [ -75.789137765104144, 45.356181572104489 ] } },
{ "type": "Feature", "properties": { "PARK_ID": 881, "FACILITYID": 26063, "NAME": "Wading Pool - Strathcona", "NAME_FR": "Pataugeoire - Strathcona", "ADDRESS": "25 Range Rd.", "ADDRESS_FR": "25, ch. Range", "ACCESSIBLE": "no\/non", "OPEN": null, "MODIFIED_D": "2017\/07\/06", "CREATED_DA": null, "SEASON": "June 29, 2017 to August 24, 2017", "SEASON_FR": "29 juin 2017 au 24 août 2017", "MONDAY": "Closed", "MONDAY_FR": "fermé", "TUESDAY": "Noon to 7 pm", "TUESDAY_FR": "12 h à 19 h", "WEDNESDAY": "Noon to 7 pm", "WEDNESDAY_": "12 h à 19 h", "THURSDAY": "Noon to 7 pm", "THURSDAY_F": "12 h à 19 h", "FRIDAY": "11 am to 6 pm", "FRIDAY_FR": "11 h à 18 h", "SATURDAY": "Noon to 5 pm", "SATURDAY_F": "12 h à 17 h", "SUNDAY": "Noon to 5 pm", "SUNDAY_FR": "12 h à 17 h", "LINK": "http:\/\/ottawa.ca\/en\/residents\/recreation-and-parks\/swimming#wading-pool-locations", "LINK_FR": "http:\/\/ottawa.ca\/fr\/residents\/loisirs-et-parcs\/natation-recreative#emplacement-des-pataugeoires-et-horaire-des-baignades", "LINK_LABEL": "Wading Pools", "LINK_LAB_1": "Pataugeoires", "LINK_DESCR": null, "LINK_DES_1": null, "PARKNAME": "Strathcona Park", "PARKNAME_F": "Parc Strathcona", "PARKADDRES": "25 Range Road, Ottawa", "PARKADDR_1": "25, chemin Range, Ottawa" }, "geometry": { "type": "Point", "coordinates": [ -75.672706866374114, 45.428143208849782 ] } },
{ "type": "Feature", "properties": { "PARK_ID": 160, "FACILITYID": 26100, "NAME": "Wading Pool - Greenboro", "NAME_FR": "Pataugeoire - Greenboro", "ADDRESS": "363 Lorry Greenberg Dr.", "ADDRESS_FR": "363, prom. Lorry Greenberg", "ACCESSIBLE": "yes\/oui", "OPEN": null, "MODIFIED_D": "2017\/04\/25", "CREATED_DA": null, "SEASON": "July 4, 2017 to August 28, 2017", "SEASON_FR": "4 juillet 2017 au 28 août 2017", "MONDAY": "11 am to 6 pm", "MONDAY_FR": "11 h à 18 h", "TUESDAY": "Noon to 7 pm", "TUESDAY_FR": "12 h à 19 h", "WEDNESDAY": "Noon to 7 pm", "WEDNESDAY_": "12 h à 19 h", "THURSDAY": "Noon to 7 pm", "THURSDAY_F": "12 h à 19 h", "FRIDAY": "11 am to 6 pm", "FRIDAY_FR": "11 h à 18 h", "SATURDAY": "Noon to 5 pm", "SATURDAY_F": "12 h à 17 h", "SUNDAY": "Closed", "SUNDAY_FR": "fermé", "LINK": "http:\/\/ottawa.ca\/en\/residents\/recreation-and-parks\/swimming#wading-pool-locations", "LINK_FR": "http:\/\/ottawa.ca\/fr\/residents\/loisirs-et-parcs\/natation-recreative#emplacement-des-pataugeoires-et-horaire-des-baignades", "LINK_LABEL": "Wading Pools", "LINK_LAB_1": "Pataugeoires", "LINK_DESCR": null, "LINK_DES_1": null, "PARKNAME": "Greenboro Park and Community Centre", "PARKNAME_F": "Parc et centre communautaire de Greenboro", "PARKADDRES": "363 Lorry Greenberg Drive", "PARKADDR_1": "363 promenade Lorry Greenberg" }, "geometry": { "type": "Point", "coordinates": [ -75.636446232822834, 45.363297932669155 ] } },
{ "type": "Feature", "properties": { "PARK_ID": 51, "FACILITYID": 26122, "NAME": "Wading Pool - Sylvia Holden", "NAME_FR": "Pataugeoire - Sylvia-Holden", "ADDRESS": "10 Fifth Ave.", "ADDRESS_FR": "10, av. Fifth", "ACCESSIBLE": "yes\/oui", "OPEN": null, "MODIFIED_D": "2017\/04\/25", "CREATED_DA": null, "SEASON": "July 4, 2017 to August 28, 2017", "SEASON_FR": "4 juillet 2017 au 28 août 2017", "MONDAY": "Closed", "MONDAY_FR": "fermé", "TUESDAY": "Noon to 7 pm", "TUESDAY_FR": "12 h à 19 h", "WEDNESDAY": "Noon to 7 pm", "WEDNESDAY_": "12 h à 19 h", "THURSDAY": "Noon to 7 pm", "THURSDAY_F": "12 h à 19 h", "FRIDAY": "11 am to 6 pm", "FRIDAY_FR": "11 h à 18 h", "SATURDAY": "Noon to 5 pm", "SATURDAY_F": "12 h à 17 h", "SUNDAY": "Noon to 5 pm", "SUNDAY_FR": "12 h à 17 h", "LINK": "http:\/\/ottawa.ca\/en\/residents\/recreation-and-parks\/swimming#wading-pool-locations", "LINK_FR": "http:\/\/ottawa.ca\/fr\/residents\/loisirs-et-parcs\/natation-recreative#emplacement-des-pataugeoires-et-horaire-des-baignades", "LINK_LABEL": "Wading Pools", "LINK_LAB_1": "Pataugeoires", "LINK_DESCR": null, "LINK_DES_1": null, "PARKNAME": "Sylvia Holden Park", "PARKNAME_F": "Parc Sylvia-Holden", "PARKADDRES": "641 O'Connor Street, Ottawa", "PARKADDR_1": "641, rue O'Connor, Ottawa" }, "geometry": { "type": "Point", "coordinates": [ -75.682186449532566, 45.402570494893908 ] } },
{ "type": "Feature", "properties": { "PARK_ID": 611, "FACILITYID": 26153, "NAME": "Wading Pool - Kiwanis", "NAME_FR": "Pataugeoire - Kiwanis", "ADDRESS": "395 Levis St.", "ADDRESS_FR": "395, rue Levis", "ACCESSIBLE": "no\/non", "OPEN": null, "MODIFIED_D": "2017\/08\/15", "CREATED_DA": null, "SEASON": "July 4, 2017 to August 28, 2017", "SEASON_FR": "4 juillet 2017 au 28 août 2017", "MONDAY": "Closed", "MONDAY_FR": "fermé", "TUESDAY": "Noon to 7 pm", "TUESDAY_FR": "12 h à 19 h", "WEDNESDAY": "Noon to 7 pm", "WEDNESDAY_": "12 h à 19 h", "THURSDAY": "Noon to 7 pm", "THURSDAY_F": "12 h à 19 h", "FRIDAY": "11 am to 6 pm", "FRIDAY_FR": "11 h à 18 h", "SATURDAY": "Noon to 5 pm", "SATURDAY_F": "12 h à 17 h", "SUNDAY": "Closed", "SUNDAY_FR": "fermé", "LINK": "http:\/\/ottawa.ca\/en\/residents\/recreation-and-parks\/swimming#wading-pool-locations", "LINK_FR": "http:\/\/ottawa.ca\/fr\/residents\/loisirs-et-parcs\/natation-recreative#emplacement-des-pataugeoires-et-horaire-des-baignades", "LINK_LABEL": "Wading Pools", "LINK_LAB_1": "Pataugeoires", "LINK_DESCR": null, "LINK_DES_1": null, "PARKNAME": "Kiwanis Park", "PARKNAME_F": "Parc Kiwanis", "PARKADDRES": "395 Levis Avenue, Vanier", "PARKADDR_1": "395, avenue Levis, Vanier" }, "geometry": { "type": "Point", "coordinates": [ -75.653146263992767, 45.436650377760252 ] } },
{ "type": "Feature", "properties": { "PARK_ID": 360, "FACILITYID": 26247, "NAME": "Wading Pool - Entrance", "NAME_FR": "Pataugeoire - Entrance", "ADDRESS": "2 Eaton St.", "ADDRESS_FR": "2, rue Eaton", "ACCESSIBLE": "no\/non", "OPEN": null, "MODIFIED_D": "2017\/07\/06", "CREATED_DA": null, "SEASON": "<Null>", "SEASON_FR": "<Null>", "MONDAY": "<Null>", "MONDAY_FR": "<Null>", "TUESDAY": "<Null>", "TUESDAY_FR": "<Null>", "WEDNESDAY": "<Null>", "WEDNESDAY_": "<Null>", "THURSDAY": "<Null>", "THURSDAY_F": "<Null>", "FRIDAY": "<Null>", "FRIDAY_FR": "<Null>", "SATURDAY": "<Null>", "SATURDAY_F": "<Null>", "SUNDAY": "<Null>", "SUNDAY_FR": "<Null>", "LINK": "http:\/\/ottawa.ca\/en\/residents\/recreation-and-parks\/swimming#wading-pool-locations", "LINK_FR": "http:\/\/ottawa.ca\/fr\/residents\/loisirs-et-parcs\/natation-recreative#emplacement-des-pataugeoires-et-horaire-des-baignades", "LINK_LABEL": "Wading Pools", "LINK_LAB_1": "Pataugeoires", "LINK_DESCR": null, "LINK_DES_1": null, "PARKNAME": "Entrance Park", "PARKNAME_F": "Parc Entrance", "PARKADDRES": "2 Eaton Street, Nepean", "PARKADDR_1": "2, rue Eaton, Nepean" }, "geometry": { "type": "Point", "coordinates": [ -75.816756095205832, 45.326318948202157 ] } },
{ "type": "Feature", "properties": { "PARK_ID": 234, "FACILITYID": 36166, "NAME": "Wading Pool - General Burns", "NAME_FR": "Pataugeoire - General-Burns", "ADDRESS": "107 Chesterton Dr.", "ADDRESS_FR": "107, prom. Chesterton", "ACCESSIBLE": "no\/non", "OPEN": null, "MODIFIED_D": "2017\/07\/06", "CREATED_DA": null, "SEASON": "<Null>", "SEASON_FR": "<Null>", "MONDAY": "<Null>", "MONDAY_FR": "<Null>", "TUESDAY": "<Null>", "TUESDAY_FR": "<Null>", "WEDNESDAY": "<Null>", "WEDNESDAY_": "<Null>", "THURSDAY": "<Null>", "THURSDAY_F": "<Null>", "FRIDAY": "<Null>", "FRIDAY_FR": "<Null>", "SATURDAY": "<Null>", "SATURDAY_F": "<Null>", "SUNDAY": "<Null>", "SUNDAY_FR": "<Null>", "LINK": "http:\/\/ottawa.ca\/en\/residents\/recreation-and-parks\/swimming#wading-pool-locations", "LINK_FR": "http:\/\/ottawa.ca\/fr\/residents\/loisirs-et-parcs\/natation-recreative#emplacement-des-pataugeoires-et-horaire-des-baignades", "LINK_LABEL": "Wading Pools", "LINK_LAB_1": "Pataugeoires", "LINK_DESCR": null, "LINK_DES_1": null, "PARKNAME": "General Burns Park", "PARKNAME_F": "Parc du Général-Burns", "PARKADDRES": "107 Chesterton Drive, Nepean", "PARKADDR_1": "107, promenade Chesterton, Nepean" }, "geometry": { "type": "Point", "coordinates": [ -75.720681922288321, 45.351722337236502 ] } },
{ "type": "Feature", "properties": { "PARK_ID": 283, "FACILITYID": 26109, "NAME": "Wading Pool - Corkstown", "NAME_FR": "Pataugeoire - Corkstown", "ADDRESS": "61 Corkstown Rd.", "ADDRESS_FR": "61, ch. Corkstown", "ACCESSIBLE": "no\/non", "OPEN": null, "MODIFIED_D": "2017\/07\/06", "CREATED_DA": null, "SEASON": "<Null>", "SEASON_FR": "<Null>", "MONDAY": "<Null>", "MONDAY_FR": "<Null>", "TUESDAY": "<Null>", "TUESDAY_FR": "<Null>", "WEDNESDAY": "<Null>", "WEDNESDAY_": "<Null>", "THURSDAY": "<Null>", "THURSDAY_F": "<Null>", "FRIDAY": "<Null>", "FRIDAY_FR": "<Null>", "SATURDAY": "<Null>", "SATURDAY_F": "<Null>", "SUNDAY": "<Null>", "SUNDAY_FR": "<Null>", "LINK": "http:\/\/ottawa.ca\/en\/residents\/recreation-and-parks\/swimming#wading-pool-locations", "LINK_FR": "http:\/\/ottawa.ca\/fr\/residents\/loisirs-et-parcs\/natation-recreative#emplacement-des-pataugeoires-et-horaire-des-baignades", "LINK_LABEL": "Wading Pools", "LINK_LAB_1": "Pataugeoires", "LINK_DESCR": null, "LINK_DES_1": null, "PARKNAME": "Corkstown Park", "PARKNAME_F": "Parc Corkstown", "PARKADDRES": "61 Corkstown Road, Nepean", "PARKADDR_1": "61, chemin Corkstown, Nepean" }, "geometry": { "type": "Point", "coordinates": [ -75.827332787684327, 45.346092281227243 ] } },
{ "type": "Feature", "properties": { "PARK_ID": 466, "FACILITYID": 3559, "NAME": "Wading Pool - Pauline Vanier", "NAME_FR": "Pataugeoire - Pauline-Vanier", "ADDRESS": "1015 Harkness Ave.", "ADDRESS_FR": "1015, av. Harkness", "ACCESSIBLE": "no\/non", "OPEN": null, "MODIFIED_D": "2017\/07\/06", "CREATED_DA": null, "SEASON": "July 4, 2017 to August 28, 2017", "SEASON_FR": "4 juillet 2017 au 28 août 2017", "MONDAY": "Closed", "MONDAY_FR": "fermé", "TUESDAY": "Noon to 7 pm", "TUESDAY_FR": "12 h à 19 h", "WEDNESDAY": "Noon to 7 pm", "WEDNESDAY_": "12 h à 19 h", "THURSDAY": "Noon to 7 pm", "THURSDAY_F": "12 h à 19 h", "FRIDAY": "11 am to 6 pm", "FRIDAY_FR": "11 h à 18 h", "SATURDAY": "Noon to 5 pm", "SATURDAY_F": "12 h à 17 h", "SUNDAY": "Closed", "SUNDAY_FR": "fermé", "LINK": "http:\/\/ottawa.ca\/en\/residents\/recreation-and-parks\/swimming#wading-pool-locations", "LINK_FR": "http:\/\/ottawa.ca\/fr\/residents\/loisirs-et-parcs\/natation-recreative#emplacement-des-pataugeoires-et-horaire-des-baignades", "LINK_LABEL": "Wading Pools", "LINK_LAB_1": "Pataugeoires", "LINK_DESCR": null, "LINK_DES_1": null, "PARKNAME": "Pauline Vanier Park", "PARKNAME_F": "Parc Pauline-Vanier", "PARKADDRES": "1015 Harkness Avenue, Ottawa", "PARKADDR_1": "1015, avenue Harkness, Ottawa" }, "geometry": { "type": "Point", "coordinates": [ -75.676559014966998, 45.366710168887366 ] } },
{ "type": "Feature", "properties": { "PARK_ID": 415, "FACILITYID": 3568, "NAME": "Wading Pool - St. Luke's", "NAME_FR": "Pataugeoire - St. Luke's", "ADDRESS": "166 Frank St.", "ADDRESS_FR": "166, rue Frank", "ACCESSIBLE": "no\/non", "OPEN": null, "MODIFIED_D": "2017\/07\/06", "CREATED_DA": null, "SEASON": "July 4, 2017 to August 28, 2017", "SEASON_FR": "4 juillet 2017 au 28 août 2017", "MONDAY": "11 am to 6 pm", "MONDAY_FR": "11 h à 18 h", "TUESDAY": "Noon to 7 pm", "TUESDAY_FR": "12 h à 19 h", "WEDNESDAY": "Closed", "WEDNESDAY_": "fermé", "THURSDAY": "Noon to 7 pm", "THURSDAY_F": "12 h à 19 h", "FRIDAY": "11 am to 6 pm", "FRIDAY_FR": "11 h à 18 h", "SATURDAY": "Noon to 5 pm", "SATURDAY_F": "12 h à 17 h", "SUNDAY": "Noon to 5 pm", "SUNDAY_FR": "12 h à 17 h", "LINK": "http:\/\/ottawa.ca\/en\/residents\/recreation-and-parks\/swimming#wading-pool-locations", "LINK_FR": "http:\/\/ottawa.ca\/fr\/residents\/loisirs-et-parcs\/natation-recreative#emplacement-des-pataugeoires-et-horaire-des-baignades", "LINK_LABEL": "Wading Pools", "LINK_LAB_1": "Pataugeoires", "LINK_DESCR": null, "LINK_DES_1": null, "PARKNAME": "St. Luke's Park", "PARKNAME_F": "Parc St. Luke", "PARKADDRES": "166 Frank Street, Ottawa", "PARKADDR_1": "166, rue Frank, Ottawa" }, "geometry": { "type": "Point", "coordinates": [ -75.686964759247232, 45.415132656598132 ] } },
{ "type": "Feature", "properties": { "PARK_ID": 37, "FACILITYID": 3516, "NAME": "Wading Pool - Canterbury", "NAME_FR": "Pataugeoire - Canterbury", "ADDRESS": "2185 Arch St.", "ADDRESS_FR": "2185, rue Arch", "ACCESSIBLE": "no\/non", "OPEN": null, "MODIFIED_D": "2017\/07\/06", "CREATED_DA": null, "SEASON": "July 4, 2017 to August 28, 2017", "SEASON_FR": "4 juillet 2017 au 28 août 2017", "MONDAY": "11 am to 6 pm", "MONDAY_FR": "11 h à 18 h", "TUESDAY": "Noon to 7 pm", "TUESDAY_FR": "12 h à 19 h", "WEDNESDAY": "Noon to 7 pm", "WEDNESDAY_": "12 h à 19 h", "THURSDAY": "Noon to 7 pm", "THURSDAY_F": "12 h à 19 h", "FRIDAY": "11 am to 6 pm", "FRIDAY_FR": "11 h à 18 h", "SATURDAY": "Closed", "SATURDAY_F": "fermé", "SUNDAY": "Closed", "SUNDAY_FR": "fermé", "LINK": "http:\/\/ottawa.ca\/en\/residents\/recreation-and-parks\/swimming#wading-pool-locations", "LINK_FR": "http:\/\/ottawa.ca\/fr\/residents\/loisirs-et-parcs\/natation-recreative#emplacement-des-pataugeoires-et-horaire-des-baignades", "LINK_LABEL": "Wading Pools", "LINK_LAB_1": "Pataugeoires", "LINK_DESCR": null, "LINK_DES_1": null, "PARKNAME": "Canterbury Park", "PARKNAME_F": "Parc Canterbury", "PARKADDRES": "2185 Arch Street, Ottawa", "PARKADDR_1": "2185, rue Arch, Ottawa" }, "geometry": { "type": "Point", "coordinates": [ -75.628832654798984, 45.389521642267944 ] } },
{ "type": "Feature", "properties": { "PARK_ID": 1046, "FACILITYID": 3502, "NAME": "Wading Pool - Alda Burt", "NAME_FR": "Pataugeoire - Alda-Burt", "ADDRESS": "1816 ST Laurent Blvd.", "ADDRESS_FR": "1816, boul. St Laurent", "ACCESSIBLE": "no\/non", "OPEN": null, "MODIFIED_D": "2017\/07\/06", "CREATED_DA": null, "SEASON": "June 29, 2017 to August 24, 2017", "SEASON_FR": "29 juin 2017 au 24 août 2017", "MONDAY": "11 am to 6 pm", "MONDAY_FR": "11 h à 18 h", "TUESDAY": "Noon to 7 pm", "TUESDAY_FR": "12 h à 19 h", "WEDNESDAY": "Noon to 7 pm", "WEDNESDAY_": "12 h à 19 h", "THURSDAY": "Noon to 7 pm", "THURSDAY_F": "12 h à 19 h", "FRIDAY": "11 am to 6 pm", "FRIDAY_FR": "11 h à 18 h", "SATURDAY": "Noon to 5 pm", "SATURDAY_F": "12 h à 17 h", "SUNDAY": "Closed", "SUNDAY_FR": "fermé", "LINK": "http:\/\/ottawa.ca\/en\/residents\/recreation-and-parks\/swimming#wading-pool-locations", "LINK_FR": "http:\/\/ottawa.ca\/fr\/residents\/loisirs-et-parcs\/natation-recreative#emplacement-des-pataugeoires-et-horaire-des-baignades", "LINK_LABEL": "Wading Pools", "LINK_LAB_1": "Pataugeoires", "LINK_DESCR": null, "LINK_DES_1": null, "PARKNAME": "Alda Burt Park", "PARKNAME_F": "Parc Alda-Burt", "PARKADDRES": "1816 St-Laurent Boulevard, Ottawa", "PARKADDR_1": "1816, boulevard St-Laurent, Ottawa" }, "geometry": { "type": "Point", "coordinates": [ -75.625667001432149, 45.402733068354976 ] } },
{ "type": "Feature", "properties": { "PARK_ID": 1090, "FACILITYID": 3532, "NAME": "Wading Pool - Hawthorne", "NAME_FR": "Pataugeoire - Hawthorne", "ADDRESS": "2139 Tawney Rd.", "ADDRESS_FR": "2139, ch. Tawney", "ACCESSIBLE": "no\/non", "OPEN": null, "MODIFIED_D": "2017\/07\/06", "CREATED_DA": null, "SEASON": "June 29, 2017 to August 24, 2017", "SEASON_FR": "29 juin 2017 au 24 août 2017", "MONDAY": "Closed", "MONDAY_FR": "fermé", "TUESDAY": "Noon to 7 pm", "TUESDAY_FR": "12 h à 19 h", "WEDNESDAY": "Noon to 7 pm", "WEDNESDAY_": "12 h à 19 h", "THURSDAY": "Noon to 7 pm", "THURSDAY_F": "12 h à 19 h", "FRIDAY": "11 am to 6 pm", "FRIDAY_FR": "11 h à 18 h", "SATURDAY": "Noon to 5 pm", "SATURDAY_F": "12 h à 17 h", "SUNDAY": "Closed", "SUNDAY_FR": "fermé", "LINK": "http:\/\/ottawa.ca\/en\/residents\/recreation-and-parks\/swimming#wading-pool-locations", "LINK_FR": "http:\/\/ottawa.ca\/fr\/residents\/loisirs-et-parcs\/natation-recreative#emplacement-des-pataugeoires-et-horaire-des-baignades", "LINK_LABEL": "Wading Pools", "LINK_LAB_1": "Pataugeoires", "LINK_DESCR": null, "LINK_DES_1": null, "PARKNAME": "Hawthorne Park", "PARKNAME_F": "Parc Hawthorne", "PARKADDRES": "2139 Tawney Road, Ottawa", "PARKADDR_1": "2139, chemin Tawney, Ottawa" }, "geometry": { "type": "Point", "coordinates": [ -75.615926705023, 45.39368089918365 ] } },
{ "type": "Feature", "properties": { "PARK_ID": 832, "FACILITYID": 3573, "NAME": "Wading Pool - Weston", "NAME_FR": "Pataugeoire - Weston", "ADDRESS": "955 Pleasant Park Rd.", "ADDRESS_FR": "955, ch. Pleasant Park", "ACCESSIBLE": "no\/non", "OPEN": null, "MODIFIED_D": "2017\/07\/06", "CREATED_DA": null, "SEASON": "July 4, 2017 to August 28, 2017", "SEASON_FR": "4 juillet 2017 au 28 août 2017", "MONDAY": "Closed", "MONDAY_FR": "fermé", "TUESDAY": "Noon to 7 pm", "TUESDAY_FR": "12 h à 19 h", "WEDNESDAY": "Noon to 7 pm", "WEDNESDAY_": "12 h à 19 h", "THURSDAY": "Noon to 7 pm", "THURSDAY_F": "12 h à 19 h", "FRIDAY": "11 am to 6 pm", "FRIDAY_FR": "11 h à 18 h", "SATURDAY": "Noon to 5 pm", "SATURDAY_F": "12 h à 17 h", "SUNDAY": "Noon to 5 pm", "SUNDAY_FR": "12 h à 17 h", "LINK": "http:\/\/ottawa.ca\/en\/residents\/recreation-and-parks\/swimming#wading-pool-locations", "LINK_FR": "http:\/\/ottawa.ca\/fr\/residents\/loisirs-et-parcs\/natation-recreative#emplacement-des-pataugeoires-et-horaire-des-baignades", "LINK_LABEL": "Wading Pools", "LINK_LAB_1": "Pataugeoires", "LINK_DESCR": null, "LINK_DES_1": null, "PARKNAME": "Weston Park", "PARKNAME_F": "Parc Weston", "PARKADDRES": "955 Pleasant Park Road, Ottawa", "PARKADDR_1": "955, chemin Pleasant Park, Ottawa" }, "geometry": { "type": "Point", "coordinates": [ -75.62613467769313, 45.39596271646451 ] } },
{ "type": "Feature", "properties": { "PARK_ID": 711, "FACILITYID": 3551, "NAME": "Wading Pool - Michèle", "NAME_FR": "Pataugeoire - Michele", "ADDRESS": "2955 Michéle Dr.", "ADDRESS_FR": "2955, prom. Michéle", "ACCESSIBLE": "no\/non", "OPEN": null, "MODIFIED_D": "2017\/07\/06", "CREATED_DA": null, "SEASON": "June 29, 2017 to August 24, 2017", "SEASON_FR": "29 juin 2017 au 24 août 2017", "MONDAY": "11 am to 6 pm", "MONDAY_FR": "11 h à 18 h", "TUESDAY": "Noon to 7 pm", "TUESDAY_FR": "12 h à 19 h", "WEDNESDAY": "Closed", "WEDNESDAY_": "fermé", "THURSDAY": "Noon to 7 pm", "THURSDAY_F": "12 h à 19 h", "FRIDAY": "11 am to 6 pm", "FRIDAY_FR": "11 h à 18 h", "SATURDAY": "Noon to 5 pm", "SATURDAY_F": "12 h à 17 h", "SUNDAY": "Noon to 5 pm", "SUNDAY_FR": "12 h à 17 h", "LINK": "http:\/\/ottawa.ca\/en\/residents\/recreation-and-parks\/swimming#wading-pool-locations", "LINK_FR": "http:\/\/ottawa.ca\/fr\/residents\/loisirs-et-parcs\/natation-recreative#emplacement-des-pataugeoires-et-horaire-des-baignades", "LINK_LABEL": "Wading Pools", "LINK_LAB_1": "Pataugeoires", "LINK_DESCR": null, "LINK_DES_1": null, "PARKNAME": "Michèle Park", "PARKNAME_F": "Parc Michèle", "PARKADDRES": "2955 Michèle Drive, Ottawa", "PARKADDR_1": "2955, promenade Michèle, Ottawa" }, "geometry": { "type": "Point", "coordinates": [ -75.802019009313298, 45.354886582192698 ] } },
{ "type": "Feature", "properties": { "PARK_ID": 566, "FACILITYID": 3558, "NAME": "Wading Pool - Parkway", "NAME_FR": "Pataugeoire - Parkway", "ADDRESS": "2095 Kingsley Rd.", "ADDRESS_FR": "2095, ch. Kingsley", "ACCESSIBLE": "no\/non", "OPEN": null, "MODIFIED_D": "2017\/07\/06", "CREATED_DA": null, "SEASON": "June 29, 2017 to August 24, 2017", "SEASON_FR": "29 juin 2017 au 24 août 2017", "MONDAY": "11 am to 6 pm", "MONDAY_FR": "11 h à 18 h", "TUESDAY": "Noon to 7 pm", "TUESDAY_FR": "12 h à 19 h", "WEDNESDAY": "Noon to 7 pm", "WEDNESDAY_": "12 h à 19 h", "THURSDAY": "Noon to 7 pm", "THURSDAY_F": "12 h à 19 h", "FRIDAY": "11 am to 6 pm", "FRIDAY_FR": "11 h à 18 h", "SATURDAY": "Closed", "SATURDAY_F": "fermé", "SUNDAY": "Closed", "SUNDAY_FR": "fermé", "LINK": "http:\/\/ottawa.ca\/en\/residents\/recreation-and-parks\/swimming#wading-pool-locations", "LINK_FR": "http:\/\/ottawa.ca\/fr\/residents\/loisirs-et-parcs\/natation-recreative#emplacement-des-pataugeoires-et-horaire-des-baignades", "LINK_LABEL": "Wading Pools", "LINK_LAB_1": "Pataugeoires", "LINK_DESCR": null, "LINK_DES_1": null, "PARKNAME": "Parkway Park", "PARKNAME_F": "Parc Parkway", "PARKADDRES": "2095 Kingsley Road, Ottawa", "PARKADDR_1": "2095, chemin Kingsley, Ottawa" }, "geometry": { "type": "Point", "coordinates": [ -75.775930803754449, 45.356312783928672 ] } },
{ "type": "Feature", "properties": { "PARK_ID": 459, "FACILITYID": 3529, "NAME": "Wading Pool - Ruth Wildgen", "NAME_FR": "Pataugeoire - Ruth-Wildgen", "ADDRESS": "1099 Grenon Ave.", "ADDRESS_FR": "1099, av. Grenon", "ACCESSIBLE": "no\/non", "OPEN": null, "MODIFIED_D": "2017\/07\/06", "CREATED_DA": null, "SEASON": "June 29, 2017 to August 24, 2017", "SEASON_FR": "29 juin 2017 au 24 août 2017", "MONDAY": "11 am to 6 pm", "MONDAY_FR": "11 h à 18 h", "TUESDAY": "Noon to 7 pm", "TUESDAY_FR": "12 h à 19 h", "WEDNESDAY": "Noon to 7 pm", "WEDNESDAY_": "12 h à 19 h", "THURSDAY": "Noon to 7 pm", "THURSDAY_F": "12 h à 19 h", "FRIDAY": "11 am to 6 pm", "FRIDAY_FR": "11 h à 18 h", "SATURDAY": "Closed", "SATURDAY_F": "fermé", "SUNDAY": "Noon to 5 pm", "SUNDAY_FR": "12 h à 17 h", "LINK": "http:\/\/ottawa.ca\/en\/residents\/recreation-and-parks\/swimming#wading-pool-locations", "LINK_FR": "http:\/\/ottawa.ca\/fr\/residents\/loisirs-et-parcs\/natation-recreative#emplacement-des-pataugeoires-et-horaire-des-baignades", "LINK_LABEL": "Wading Pools", "LINK_LAB_1": "Pataugeoires", "LINK_DESCR": null, "LINK_DES_1": null, "PARKNAME": "Ruth Wildgen Park", "PARKNAME_F": "Parc Ruth-Wildgen", "PARKADDRES": "1099 Grenon Avenue, Ottawa", "PARKADDR_1": "1099, avenue Grenon, Ottawa" }, "geometry": { "type": "Point", "coordinates": [ -75.795748543978704, 45.351435749711783 ] } },
{ "type": "Feature", "properties": { "PARK_ID": 7, "FACILITYID": 3501, "NAME": "Wading Pool - Agincourt", "NAME_FR": "Pataugeoire - Agincourt", "ADDRESS": "1269 Albany Dr.", "ADDRESS_FR": "1269, prom. Albany", "ACCESSIBLE": "no\/non", "OPEN": null, "MODIFIED_D": "2017\/07\/06", "CREATED_DA": null, "SEASON": "June 29, 2017 to August 24, 2017", "SEASON_FR": "29 juin 2017 au 24 août 2017", "MONDAY": "Closed", "MONDAY_FR": "fermé", "TUESDAY": "Noon to 7 pm", "TUESDAY_FR": "12 h à 19 h", "WEDNESDAY": "Noon to 7 pm", "WEDNESDAY_": "12 h à 19 h", "THURSDAY": "Noon to 7 pm", "THURSDAY_F": "12 h à 19 h", "FRIDAY": "11 am to 6 pm", "FRIDAY_FR": "11 h à 18 h", "SATURDAY": "Noon to 5 pm", "SATURDAY_F": "12 h à 17 h", "SUNDAY": "Noon to 5 pm", "SUNDAY_FR": "12 h à 17 h", "LINK": "http:\/\/ottawa.ca\/en\/residents\/recreation-and-parks\/swimming#wading-pool-locations", "LINK_FR": "http:\/\/ottawa.ca\/fr\/residents\/loisirs-et-parcs\/natation-recreative#emplacement-des-pataugeoires-et-horaire-des-baignades", "LINK_LABEL": "Wading Pools", "LINK_LAB_1": "Pataugeoires", "LINK_DESCR": null, "LINK_DES_1": null, "PARKNAME": "Agincourt Park", "PARKNAME_F": "Parc Agincourt", "PARKADDRES": "1269 Albany Drive, Ottawa", "PARKADDR_1": "1269, promenade Albany, Ottawa" }, "geometry": { "type": "Point", "coordinates": [ -75.753609445688213, 45.359592231244129 ] } },
{ "type": "Feature", "properties": { "PARK_ID": 120, "FACILITYID": 3522, "NAME": "Wading Pool - Elizabeth Manley", "NAME_FR": "Pataugeoire - Elizabeth-Manley", "ADDRESS": "1161 Blohm Dr.", "ADDRESS_FR": "1161, prom. Blohm", "ACCESSIBLE": "yes\/oui", "OPEN": null, "MODIFIED_D": "2017\/04\/25", "CREATED_DA": null, "SEASON": "June 29, 2017 to August 23, 2017", "SEASON_FR": "29 juin 2017 au 23 août 2017", "MONDAY": "Closed", "MONDAY_FR": "fermé", "TUESDAY": "Noon to 7 pm", "TUESDAY_FR": "12 h à 19 h", "WEDNESDAY": "Noon to 7 pm", "WEDNESDAY_": "12 h à 19 h", "THURSDAY": "Noon to 7 pm", "THURSDAY_F": "12 h à 19 h", "FRIDAY": "11 am to 6 pm", "FRIDAY_FR": "11 h à 18 h", "SATURDAY": "Noon to 5 pm", "SATURDAY_F": "12 h à 17 h", "SUNDAY": "Noon to 5 pm", "SUNDAY_FR": "12 h à 17 h", "LINK": "http:\/\/ottawa.ca\/en\/residents\/recreation-and-parks\/swimming#wading-pool-locations", "LINK_FR": "http:\/\/ottawa.ca\/fr\/residents\/loisirs-et-parcs\/natation-recreative#emplacement-des-pataugeoires-et-horaire-des-baignades", "LINK_LABEL": "Wading Pools", "LINK_LAB_1": "Pataugeoires", "LINK_DESCR": null, "LINK_DES_1": null, "PARKNAME": "Elizabeth Manley Park", "PARKNAME_F": "Parc Elizabeth-Manley", "PARKADDRES": "1161 Blohm Drive, Ottawa", "PARKADDR_1": "1161, promenade Blohm, Ottawa" }, "geometry": { "type": "Point", "coordinates": [ -75.619369648157075, 45.369990708956571 ] } },
{ "type": "Feature", "properties": { "PARK_ID": 245, "FACILITYID": 3536, "NAME": "Wading Pool - Jules Morin", "NAME_FR": "Pataugeoire - Jules-Morin", "ADDRESS": "400 Clarence St. E.", "ADDRESS_FR": "400, rue Clarence E.", "ACCESSIBLE": "yes\/oui", "OPEN": null, "MODIFIED_D": "2017\/04\/25", "CREATED_DA": null, "SEASON": "June 29, 2017 to August 24, 2017", "SEASON_FR": "29 juin 2017 au 24 août 2017", "MONDAY": "11 am to 6 pm", "MONDAY_FR": "11 h à 18 h", "TUESDAY": "Noon to 7 pm", "TUESDAY_FR": "12 h à 19 h", "WEDNESDAY": "Closed", "WEDNESDAY_": "fermé", "THURSDAY": "Noon to 7 pm", "THURSDAY_F": "12 h à 19 h", "FRIDAY": "11 am to 6 pm", "FRIDAY_FR": "11 h à 18 h", "SATURDAY": "Noon to 5 pm", "SATURDAY_F": "12 h à 17 h", "SUNDAY": "Noon to 5 pm", "SUNDAY_FR": "12 h à 17 h", "LINK": "http:\/\/ottawa.ca\/en\/residents\/recreation-and-parks\/swimming#wading-pool-locations", "LINK_FR": "http:\/\/ottawa.ca\/fr\/residents\/loisirs-et-parcs\/natation-recreative#emplacement-des-pataugeoires-et-horaire-des-baignades", "LINK_LABEL": "Wading Pools", "LINK_LAB_1": "Pataugeoires", "LINK_DESCR": null, "LINK_DES_1": null, "PARKNAME": "Jules Morin Park", "PARKNAME_F": "Parc Jules-Morin", "PARKADDRES": "400 Clarence Street, Ottawa", "PARKADDR_1": "400, rue Clarence, Ottawa" }, "geometry": { "type": "Point", "coordinates": [ -75.681542772346148, 45.433497486473115 ] } },
{ "type": "Feature", "properties": { "PARK_ID": 102, "FACILITYID": 3539, "NAME": "Wading Pool - Kingsmere", "NAME_FR": "Pataugeoire - Kingsmere", "ADDRESS": "2074 Benjamin Ave.", "ADDRESS_FR": "2074, av. Benjamin", "ACCESSIBLE": "no\/non", "OPEN": null, "MODIFIED_D": "2017\/07\/06", "CREATED_DA": null, "SEASON": "July 4, 2017 to August 28, 2017", "SEASON_FR": "4 juillet 2017 au 28 août 2017", "MONDAY": "Closed", "MONDAY_FR": "fermé", "TUESDAY": "Noon to 7 pm", "TUESDAY_FR": "12 h à 19 h", "WEDNESDAY": "Noon to 7 pm", "WEDNESDAY_": "12 h à 19 h", "THURSDAY": "Noon to 7 pm", "THURSDAY_F": "12 h à 19 h", "FRIDAY": "11 am to 6 pm", "FRIDAY_FR": "11 h à 18 h", "SATURDAY": "Noon to 5 pm", "SATURDAY_F": "12 h à 17 h", "SUNDAY": "Closed", "SUNDAY_FR": "fermé", "LINK": "http:\/\/ottawa.ca\/en\/residents\/recreation-and-parks\/swimming#wading-pool-locations", "LINK_FR": "http:\/\/ottawa.ca\/fr\/residents\/loisirs-et-parcs\/natation-recreative#emplacement-des-pataugeoires-et-horaire-des-baignades", "LINK_LABEL": "Wading Pools", "LINK_LAB_1": "Pataugeoires", "LINK_DESCR": null, "LINK_DES_1": null, "PARKNAME": "Kingsmere Park", "PARKNAME_F": "Parc Kingsmere", "PARKADDRES": "2074 Benjamin Avenue, Ottawa", "PARKADDR_1": "2074, avenue Benjamin, Ottawa" }, "geometry": { "type": "Point", "coordinates": [ -75.762547946835497, 45.364924158955333 ] } },
{ "type": "Feature", "properties": { "PARK_ID": 31, "FACILITYID": 3517, "NAME": "Wading Pool - Carleton Heights", "NAME_FR": "Pataugeoire - Carleton Heights", "ADDRESS": "1665 Apeldoorn Ave.", "ADDRESS_FR": "1665, av. Apeldoorn", "ACCESSIBLE": "no\/non", "OPEN": null, "MODIFIED_D": "2017\/07\/06", "CREATED_DA": null, "SEASON": "July 4, 2017 to August 28, 2017", "SEASON_FR": "4 juillet 2017 au 28 août 2017", "MONDAY": "11 am to 6 pm", "MONDAY_FR": "11 h à 18 h", "TUESDAY": "Noon to 7 pm", "TUESDAY_FR": "12 h à 19 h", "WEDNESDAY": "Noon to 7 pm", "WEDNESDAY_": "12 h à 19 h", "THURSDAY": "Noon to 7 pm", "THURSDAY_F": "12 h à 19 h", "FRIDAY": "11 am to 6 pm", "FRIDAY_FR": "11 h à 18 h", "SATURDAY": "Closed", "SATURDAY_F": "fermé", "SUNDAY": "Closed", "SUNDAY_FR": "fermé", "LINK": "http:\/\/ottawa.ca\/en\/residents\/recreation-and-parks\/swimming#wading-pool-locations", "LINK_FR": "http:\/\/ottawa.ca\/fr\/residents\/loisirs-et-parcs\/natation-recreative#emplacement-des-pataugeoires-et-horaire-des-baignades", "LINK_LABEL": "Wading Pools", "LINK_LAB_1": "Pataugeoires", "LINK_DESCR": null, "LINK_DES_1": null, "PARKNAME": "Carleton Heights Park", "PARKNAME_F": "Parc Carleton Heights", "PARKADDRES": "1665 Apeldoorn Avenue, Ottawa", "PARKADDR_1": "1665, avenue Apeldoorn, Ottawa" }, "geometry": { "type": "Point", "coordinates": [ -75.702541916133967, 45.359635760017468 ] } },
{ "type": "Feature", "properties": { "PARK_ID": 363, "FACILITYID": 3562, "NAME": "Wading Pool - Rideauview", "NAME_FR": "Pataugeoire - Rideauview", "ADDRESS": "960 Eiffel Ave.", "ADDRESS_FR": "960, av. Eiffel", "ACCESSIBLE": "no\/non", "OPEN": null, "MODIFIED_D": "2017\/07\/06", "CREATED_DA": null, "SEASON": "June 29, 2017 to August 24, 2017", "SEASON_FR": "29 juin 2017 au 24 août 2017", "MONDAY": "11 am to 6 pm", "MONDAY_FR": "11 h à 18 h", "TUESDAY": "Noon to 7 pm", "TUESDAY_FR": "12 h à 19 h", "WEDNESDAY": "Noon to 7 pm", "WEDNESDAY_": "12 h à 19 h", "THURSDAY": "Noon to 7 pm", "THURSDAY_F": "12 h à 19 h", "FRIDAY": "11 am to 6 pm", "FRIDAY_FR": "11 h à 18 h", "SATURDAY": "Noon to 5 pm", "SATURDAY_F": "12 h à 17 h", "SUNDAY": "Closed", "SUNDAY_FR": "fermé", "LINK": "http:\/\/ottawa.ca\/en\/residents\/recreation-and-parks\/swimming#wading-pool-locations", "LINK_FR": "http:\/\/ottawa.ca\/fr\/residents\/loisirs-et-parcs\/natation-recreative#emplacement-des-pataugeoires-et-horaire-des-baignades", "LINK_LABEL": "Wading Pools", "LINK_LAB_1": "Pataugeoires", "LINK_DESCR": null, "LINK_DES_1": null, "PARKNAME": "Rideauview Park", "PARKNAME_F": "Parc Rideauview", "PARKADDRES": "960 Eiffel Avenue, Ottawa", "PARKADDR_1": "960, avenue Eiffel, Ottawa" }, "geometry": { "type": "Point", "coordinates": [ -75.706737085500833, 45.367907282835596 ] } },
{ "type": "Feature", "properties": { "PARK_ID": 260, "FACILITYID": 3563, "NAME": "Wading Pool - Frank Licari", "NAME_FR": "Pataugeoire - Frank-Licari", "ADDRESS": "1990 Cochrane St.", "ADDRESS_FR": "1990, rue Cochrane", "ACCESSIBLE": "no\/non", "OPEN": null, "MODIFIED_D": "2017\/07\/06", "CREATED_DA": null, "SEASON": "July 4, 2017 to August 28, 2017", "SEASON_FR": "4 juillet 2017 au 28 août 2017", "MONDAY": "11 am to 6 pm", "MONDAY_FR": "11 h à 18 h", "TUESDAY": "Noon to 7 pm", "TUESDAY_FR": "12 h à 19 h", "WEDNESDAY": "Noon to 7 pm", "WEDNESDAY_": "12 h à 19 h", "THURSDAY": "Closed", "THURSDAY_F": "fermé", "FRIDAY": "11 am to 6 pm", "FRIDAY_FR": "11 h à 18 h", "SATURDAY": "Noon to 5 pm", "SATURDAY_F": "12 h à 17 h", "SUNDAY": "Noon to 5 pm", "SUNDAY_FR": "12 h à 17 h", "LINK": "http:\/\/ottawa.ca\/en\/residents\/recreation-and-parks\/swimming#wading-pool-locations", "LINK_FR": "http:\/\/ottawa.ca\/fr\/residents\/loisirs-et-parcs\/natation-recreative#emplacement-des-pataugeoires-et-horaire-des-baignades", "LINK_LABEL": "Wading Pools", "LINK_LAB_1": "Pataugeoires", "LINK_DESCR": null, "LINK_DES_1": null, "PARKNAME": "Frank J. Licari Park", "PARKNAME_F": "Parc Frank-J-Licari", "PARKADDRES": "1990 Cochrane Street \/ 1274 Vancouver Avenue, Ottawa", "PARKADDR_1": "1990, rue Cochrane \/ 1274, chemin Vancouver, Ottawa" }, "geometry": { "type": "Point", "coordinates": [ -75.657086303465249, 45.368860860414067 ] } },
{ "type": "Feature", "properties": { "PARK_ID": 1032, "FACILITYID": 26075, "NAME": "Wading Pool - Optimiste", "NAME_FR": "Pataugeoire - Optimiste", "ADDRESS": "43 Ste-Cécile St.", "ADDRESS_FR": "43, rue Ste-Cécile", "ACCESSIBLE": "yes\/oui", "OPEN": null, "MODIFIED_D": "2017\/04\/25", "CREATED_DA": null, "SEASON": "July 4, 2017 to August 28, 2017", "SEASON_FR": "4 juillet 2017 au 28 août 2017", "MONDAY": "Closed", "MONDAY_FR": "fermé", "TUESDAY": "Noon to 7 pm", "TUESDAY_FR": "12 h à 19 h", "WEDNESDAY": "Noon to 7 pm", "WEDNESDAY_": "12 h à 19 h", "THURSDAY": "Noon to 7 pm", "THURSDAY_F": "12 h à 19 h", "FRIDAY": "11 am to 6 pm", "FRIDAY_FR": "11 h à 18 h", "SATURDAY": "Noon to 5 pm", "SATURDAY_F": "12 h à 17 h", "SUNDAY": "Noon to 5 pm", "SUNDAY_FR": "12 h à 17 h", "LINK": "http:\/\/ottawa.ca\/en\/residents\/recreation-and-parks\/swimming#wading-pool-locations", "LINK_FR": "http:\/\/ottawa.ca\/fr\/residents\/loisirs-et-parcs\/natation-recreative#emplacement-des-pataugeoires-et-horaire-des-baignades", "LINK_LABEL": "Wading Pools", "LINK_LAB_1": "Pataugeoires", "LINK_DESCR": null, "LINK_DES_1": null, "PARKNAME": "Optimiste Park", "PARKNAME_F": "Parc Optimiste", "PARKADDRES": "43 Ste. Cécile Street, Vanier", "PARKADDR_1": "43, rue ste-Cécile, Vanier" }, "geometry": { "type": "Point", "coordinates": [ -75.668507860657428, 45.442237661390195 ] } },
{ "type": "Feature", "properties": { "PARK_ID": 776, "FACILITYID": 26061, "NAME": "Wading Pool - Glen Cairn", "NAME_FR": "Pataugeoire - Glen Cairn", "ADDRESS": "50 Castlefrank Rd.", "ADDRESS_FR": "50, ch. Castlefrank", "ACCESSIBLE": "no\/non", "OPEN": null, "MODIFIED_D": "2017\/07\/06", "CREATED_DA": null, "SEASON": "<Null>", "SEASON_FR": "<Null>", "MONDAY": "<Null>", "MONDAY_FR": "<Null>", "TUESDAY": "<Null>", "TUESDAY_FR": "<Null>", "WEDNESDAY": "<Null>", "WEDNESDAY_": "<Null>", "THURSDAY": "<Null>", "THURSDAY_F": "<Null>", "FRIDAY": "<Null>", "FRIDAY_FR": "<Null>", "SATURDAY": "<Null>", "SATURDAY_F": "<Null>", "SUNDAY": "<Null>", "SUNDAY_FR": "<Null>", "LINK": "http:\/\/ottawa.ca\/en\/residents\/recreation-and-parks\/swimming#wading-pool-locations", "LINK_FR": "http:\/\/ottawa.ca\/fr\/residents\/loisirs-et-parcs\/natation-recreative#emplacement-des-pataugeoires-et-horaire-des-baignades", "LINK_LABEL": "Wading Pools", "LINK_LAB_1": "Pataugeoires", "LINK_DESCR": null, "LINK_DES_1": null, "PARKNAME": "Beaton Park", "PARKNAME_F": "Parc Beaton", "PARKADDRES": "70 Castlefrank Road, Kanata", "PARKADDR_1": "70, chemin Castlefrank, Kanata" }, "geometry": { "type": "Point", "coordinates": [ -75.885043214036457, 45.295523988235892 ] } },
{ "type": "Feature", "properties": { "PARK_ID": 514, "FACILITYID": 26254, "NAME": "Wading Pool - Bearbrook", "NAME_FR": "Pataugeoire - Bearbrook", "ADDRESS": "2679 Innes Rd.", "ADDRESS_FR": "2679, ch. Innes", "ACCESSIBLE": "no\/non", "OPEN": null, "MODIFIED_D": "2017\/07\/06", "CREATED_DA": null, "SEASON": "<Null>", "SEASON_FR": "<Null>", "MONDAY": "<Null>", "MONDAY_FR": "<Null>", "TUESDAY": "<Null>", "TUESDAY_FR": "<Null>", "WEDNESDAY": "<Null>", "WEDNESDAY_": "<Null>", "THURSDAY": "<Null>", "THURSDAY_F": "<Null>", "FRIDAY": "<Null>", "FRIDAY_FR": "<Null>", "SATURDAY": "<Null>", "SATURDAY_F": "<Null>", "SUNDAY": "<Null>", "SUNDAY_FR": "<Null>", "LINK": "http:\/\/ottawa.ca\/en\/residents\/recreation-and-parks\/swimming#wading-pool-locations", "LINK_FR": "http:\/\/ottawa.ca\/fr\/residents\/loisirs-et-parcs\/natation-recreative#emplacement-des-pataugeoires-et-horaire-des-baignades", "LINK_LABEL": "Wading Pools", "LINK_LAB_1": "Pataugeoires", "LINK_DESCR": null, "LINK_DES_1": null, "PARKNAME": "Bearbrook Park and Pool", "PARKNAME_F": "Parc et Piscine Bearbrook", "PARKADDRES": "99 Bearbrook Road, Gloucester", "PARKADDR_1": "99, chemin Bearbrook, Gloucester" }, "geometry": { "type": "Point", "coordinates": [ -75.563671464176309, 45.434158595949889 ] } },
{ "type": "Feature", "properties": { "PARK_ID": 519, "FACILITYID": 3535, "NAME": "Wading Pool - Iona", "NAME_FR": "Pataugeoire - Iona", "ADDRESS": "223 Iona St.", "ADDRESS_FR": "223, rue Iona", "ACCESSIBLE": "no\/non", "OPEN": null, "MODIFIED_D": "2017\/07\/06", "CREATED_DA": null, "SEASON": "July 4, 2017 to August 28, 2017", "SEASON_FR": "4 juillet 2017 au 28 août 2017", "MONDAY": "Closed", "MONDAY_FR": "fermé", "TUESDAY": "Noon to 7 pm", "TUESDAY_FR": "12 h à 19 h", "WEDNESDAY": "Noon to 7 pm", "WEDNESDAY_": "12 h à 19 h", "THURSDAY": "Noon to 7 pm", "THURSDAY_F": "12 h à 19 h", "FRIDAY": "11 am to 6 pm", "FRIDAY_FR": "11 h à 18 h", "SATURDAY": "Noon to 5 pm", "SATURDAY_F": "12 h à 17 h", "SUNDAY": "Closed", "SUNDAY_FR": "fermé", "LINK": "http:\/\/ottawa.ca\/en\/residents\/recreation-and-parks\/swimming#wading-pool-locations", "LINK_FR": "http:\/\/ottawa.ca\/fr\/residents\/loisirs-et-parcs\/natation-recreative#emplacement-des-pataugeoires-et-horaire-des-baignades", "LINK_LABEL": "Wading Pools", "LINK_LAB_1": "Pataugeoires", "LINK_DESCR": null, "LINK_DES_1": null, "PARKNAME": "Iona Park", "PARKNAME_F": "Parc Iona", "PARKADDRES": "223 Iona Street, Ottawa", "PARKADDR_1": "223, rue Iona, Ottawa" }, "geometry": { "type": "Point", "coordinates": [ -75.742472036698715, 45.392425824249926 ] } },
{ "type": "Feature", "properties": { "PARK_ID": 1113, "FACILITYID": 3550, "NAME": "Wading Pool - Meadowvale", "NAME_FR": "Pataugeoire - Meadowvale", "ADDRESS": "1205 Trenton Ave.", "ADDRESS_FR": "1205, av. Trenton", "ACCESSIBLE": "no\/non", "OPEN": null, "MODIFIED_D": "2017\/07\/06", "CREATED_DA": null, "SEASON": "June 29, 2017 to August 24, 2017", "SEASON_FR": "29 juin 2017 au 24 août 2017", "MONDAY": "Closed", "MONDAY_FR": "fermé", "TUESDAY": "Noon to 7 pm", "TUESDAY_FR": "12 h à 19 h", "WEDNESDAY": "Noon to 7 pm", "WEDNESDAY_": "12 h à 19 h", "THURSDAY": "Noon to 7 pm", "THURSDAY_F": "12 h à 19 h", "FRIDAY": "11 am to 6 pm", "FRIDAY_FR": "11 h à 18 h", "SATURDAY": "Noon to 5 pm", "SATURDAY_F": "12 h à 17 h", "SUNDAY": "Closed", "SUNDAY_FR": "fermé", "LINK": "http:\/\/ottawa.ca\/en\/residents\/recreation-and-parks\/swimming#wading-pool-locations", "LINK_FR": "http:\/\/ottawa.ca\/fr\/residents\/loisirs-et-parcs\/natation-recreative#emplacement-des-pataugeoires-et-horaire-des-baignades", "LINK_LABEL": "Wading Pools", "LINK_LAB_1": "Pataugeoires", "LINK_DESCR": null, "LINK_DES_1": null, "PARKNAME": "Meadowvale Terrace Park", "PARKNAME_F": "Parc Meadowvale Terrace", "PARKADDRES": "1205 Trenton Avenue, Ottawa", "PARKADDR_1": "1205, avenue Trenton, Ottawa" }, "geometry": { "type": "Point", "coordinates": [ -75.724776962609781, 45.378281450833839 ] } },
{ "type": "Feature", "properties": { "PARK_ID": 890, "FACILITYID": 3523, "NAME": "Wading Pool - Reid", "NAME_FR": "Pataugeoire - Reid", "ADDRESS": "40 Reid Ave.", "ADDRESS_FR": "40, av. Reid", "ACCESSIBLE": "no\/non", "OPEN": null, "MODIFIED_D": "2017\/07\/06", "CREATED_DA": null, "SEASON": "June 29, 2017 to August 21, 2017", "SEASON_FR": "29 juin 2017 au 21 août 2017", "MONDAY": "11 am to 6 pm", "MONDAY_FR": "11 h à 18 h", "TUESDAY": "Closed", "TUESDAY_FR": "fermé", "WEDNESDAY": "Noon to 7 pm", "WEDNESDAY_": "12 h à 19 h", "THURSDAY": "Noon to 7 pm", "THURSDAY_F": "12 h à 19 h", "FRIDAY": "11 am to 6 pm", "FRIDAY_FR": "11 h à 18 h", "SATURDAY": "Noon to 5 pm", "SATURDAY_F": "12 h à 17 h", "SUNDAY": "Noon to 5 pm", "SUNDAY_FR": "12 h à 17 h", "LINK": "http:\/\/ottawa.ca\/en\/residents\/recreation-and-parks\/swimming#wading-pool-locations", "LINK_FR": "http:\/\/ottawa.ca\/fr\/residents\/loisirs-et-parcs\/natation-recreative#emplacement-des-pataugeoires-et-horaire-des-baignades", "LINK_LABEL": "Wading Pools", "LINK_LAB_1": "Pataugeoires", "LINK_DESCR": null, "LINK_DES_1": null, "PARKNAME": "Reid Park", "PARKNAME_F": "Parc Reid", "PARKADDRES": "40 Reid Avenue, Ottawa", "PARKADDR_1": "40, avenue Reid, Ottawa" }, "geometry": { "type": "Point", "coordinates": [ -75.723899834759322, 45.398099493081517 ] } },
{ "type": "Feature", "properties": { "PARK_ID": 798, "FACILITYID": 3530, "NAME": "Wading Pool - Hampton", "NAME_FR": "Pataugeoire - Hampton", "ADDRESS": "645 Parkview Rd.", "ADDRESS_FR": "645, ch. Parkview", "ACCESSIBLE": "no\/non", "OPEN": null, "MODIFIED_D": "2017\/07\/06", "CREATED_DA": null, "SEASON": "June 29, 2017 to August 24, 2017", "SEASON_FR": "29 juin 2017 au 24 août 2017", "MONDAY": "11 am to 6 pm", "MONDAY_FR": "11 h à 18 h", "TUESDAY": "Noon to 7 pm", "TUESDAY_FR": "12 h à 19 h", "WEDNESDAY": "Noon to 7 pm", "WEDNESDAY_": "12 h à 19 h", "THURSDAY": "Noon to 7 pm", "THURSDAY_F": "12 h à 19 h", "FRIDAY": "11 am to 6 pm", "FRIDAY_FR": "11 h à 18 h", "SATURDAY": "Closed", "SATURDAY_F": "fermé", "SUNDAY": "Noon to 5 pm", "SUNDAY_FR": "12 h à 17 h", "LINK": "http:\/\/ottawa.ca\/en\/residents\/recreation-and-parks\/swimming#wading-pool-locations", "LINK_FR": "http:\/\/ottawa.ca\/fr\/residents\/loisirs-et-parcs\/natation-recreative#emplacement-des-pataugeoires-et-horaire-des-baignades", "LINK_LABEL": "Wading Pools", "LINK_LAB_1": "Pataugeoires", "LINK_DESCR": null, "LINK_DES_1": null, "PARKNAME": "Hampton Park", "PARKNAME_F": "Parc Hampton", "PARKADDRES": "645 Parkview Road, Ottawa", "PARKADDR_1": "645, chemin Parkview, Ottawa" }, "geometry": { "type": "Point", "coordinates": [ -75.738363444153038, 45.38742953063268 ] } },
{ "type": "Feature", "properties": { "PARK_ID": 291, "FACILITYID": 3567, "NAME": "Wading Pool - St-Laurent", "NAME_FR": "Pataugeoire - St-Laurent", "ADDRESS": "525 Côté St.", "ADDRESS_FR": "525, rue Côté", "ACCESSIBLE": "yes\/oui", "OPEN": null, "MODIFIED_D": "2017\/04\/26", "CREATED_DA": null, "SEASON": "June 29, 2017 to August 24, 2017", "SEASON_FR": "29 juin 2017 au 24 août 2017", "MONDAY": "11 am to 6 pm", "MONDAY_FR": "11 h à 18 h", "TUESDAY": "Noon to 7 pm", "TUESDAY_FR": "12 h à 19 h", "WEDNESDAY": "Noon to 7 pm", "WEDNESDAY_": "12 h à 19 h", "THURSDAY": "Noon to 7 pm", "THURSDAY_F": "12 h à 19 h", "FRIDAY": "11 am to 6 pm", "FRIDAY_FR": "11 h à 18 h", "SATURDAY": "Noon to 5 pm", "SATURDAY_F": "12 h à 17 h", "SUNDAY": "Closed", "SUNDAY_FR": "fermé", "LINK": "http:\/\/ottawa.ca\/en\/residents\/recreation-and-parks\/swimming#wading-pool-locations", "LINK_FR": "http:\/\/ottawa.ca\/fr\/residents\/loisirs-et-parcs\/natation-recreative#emplacement-des-pataugeoires-et-horaire-des-baignades", "LINK_LABEL": "Wading Pools", "LINK_LAB_1": "Pataugeoires", "LINK_DESCR": null, "LINK_DES_1": null, "PARKNAME": "St-Laurent Complex \/ Don Gamble Community Centre", "PARKNAME_F": "Complexe St-Laurent \/ centre communautaire Don-Gamble", "PARKADDRES": "525 Côté Street, Ottawa", "PARKADDR_1": "525, rue Côté, Ottawa" }, "geometry": { "type": "Point", "coordinates": [ -75.648490144242643, 45.436351255364265 ] } },
{ "type": "Feature", "properties": { "PARK_ID": 335, "FACILITYID": 3569, "NAME": "Wading Pool - St. Paul's", "NAME_FR": "Pataugeoire - St. Paul's", "ADDRESS": "469 Donald St.", "ADDRESS_FR": "469, rue Donald", "ACCESSIBLE": "no\/non", "OPEN": null, "MODIFIED_D": "2017\/07\/06", "CREATED_DA": null, "SEASON": "June 29, 2017 to August 24, 2017", "SEASON_FR": "29 juin 2017 au 24 août 2017", "MONDAY": "11 am to 6 pm", "MONDAY_FR": "11 h à 18 h", "TUESDAY": "Noon to 7 pm", "TUESDAY_FR": "12 h à 19 h", "WEDNESDAY": "Noon to 7 pm", "WEDNESDAY_": "12 h à 19 h", "THURSDAY": "Closed", "THURSDAY_F": "fermé", "FRIDAY": "11 am to 6 pm", "FRIDAY_FR": "11 h à 18 h", "SATURDAY": "Noon to 5 pm", "SATURDAY_F": "12 h à 17 h", "SUNDAY": "Noon to 5 pm", "SUNDAY_FR": "12 h à 17 h", "LINK": "http:\/\/ottawa.ca\/en\/residents\/recreation-and-parks\/swimming#wading-pool-locations", "LINK_FR": "http:\/\/ottawa.ca\/fr\/residents\/loisirs-et-parcs\/natation-recreative#emplacement-des-pataugeoires-et-horaire-des-baignades", "LINK_LABEL": "Wading Pools", "LINK_LAB_1": "Pataugeoires", "LINK_DESCR": null, "LINK_DES_1": null, "PARKNAME": "St. Paul's Park", "PARKNAME_F": "Parc St-Paul", "PARKADDRES": "469 Donald Street, Ottawa", "PARKADDR_1": "469, rue Donald, Ottawa" }, "geometry": { "type": "Point", "coordinates": [ -75.648131261039865, 45.430041456602211 ] } },
{ "type": "Feature", "properties": { "PARK_ID": 621, "FACILITYID": 3575, "NAME": "Wading Pool - Woodroffe", "NAME_FR": "Pataugeoire - Woodroffe", "ADDRESS": "180 Lockhart Ave.", "ADDRESS_FR": "180, av. Lockhart", "ACCESSIBLE": "no\/non", "OPEN": null, "MODIFIED_D": "2017\/07\/06", "CREATED_DA": null, "SEASON": "Operated by Dovercourt Recreation Centre", "SEASON_FR": "Opéré par Dovercourt Recreation Center", "MONDAY": null, "MONDAY_FR": null, "TUESDAY": null, "TUESDAY_FR": null, "WEDNESDAY": null, "WEDNESDAY_": null, "THURSDAY": null, "THURSDAY_F": null, "FRIDAY": null, "FRIDAY_FR": null, "SATURDAY": null, "SATURDAY_F": null, "SUNDAY": null, "SUNDAY_FR": null, "LINK": "http:\/\/ottawa.ca\/en\/residents\/recreation-and-parks\/swimming#wading-pool-locations", "LINK_FR": "http:\/\/ottawa.ca\/fr\/residents\/loisirs-et-parcs\/natation-recreative#emplacement-des-pataugeoires-et-horaire-des-baignades", "LINK_LABEL": "Wading Pools", "LINK_LAB_1": "Pataugeoires", "LINK_DESCR": null, "LINK_DES_1": null, "PARKNAME": "Woodroffe Park", "PARKNAME_F": "Parc Woodroffe", "PARKADDRES": "180 Lockhart Avenue, Ottawa", "PARKADDR_1": "180, avenue Lockhart, Ottawa" }, "geometry": { "type": "Point", "coordinates": [ -75.772257047295838, 45.376079873302182 ] } },
{ "type": "Feature", "properties": { "PARK_ID": 376, "FACILITYID": 3544, "NAME": "Wading Pool - Lions", "NAME_FR": "Pataugeoire - Lions", "ADDRESS": "294 Elmgrove Ave.", "ADDRESS_FR": "294, av. Elmgrove", "ACCESSIBLE": "no\/non", "OPEN": null, "MODIFIED_D": "2017\/07\/06", "CREATED_DA": null, "SEASON": "July 4, 2017 to August 28, 2017", "SEASON_FR": "4 juillet 2017 au 28 août 2017", "MONDAY": "11 am to 6 pm", "MONDAY_FR": "11 h à 18 h", "TUESDAY": "Noon to 7 pm", "TUESDAY_FR": "12 h à 19 h", "WEDNESDAY": "Noon to 7 pm", "WEDNESDAY_": "12 h à 19 h", "THURSDAY": "Noon to 7 pm", "THURSDAY_F": "12 h à 19 h", "FRIDAY": "11 am to 6 pm", "FRIDAY_FR": "11 h à 18 h", "SATURDAY": "Closed", "SATURDAY_F": "fermé", "SUNDAY": "Closed", "SUNDAY_FR": "fermé", "LINK": "http:\/\/ottawa.ca\/en\/residents\/recreation-and-parks\/swimming#wading-pool-locations", "LINK_FR": "http:\/\/ottawa.ca\/fr\/residents\/loisirs-et-parcs\/natation-recreative#emplacement-des-pataugeoires-et-horaire-des-baignades", "LINK_LABEL": "Wading Pools", "LINK_LAB_1": "Pataugeoires", "LINK_DESCR": null, "LINK_DES_1": null, "PARKNAME": "Lion's Park", "PARKNAME_F": "Parc Lion's", "PARKADDRES": "294 Elmgrove Avenue, Ottawa", "PARKADDR_1": "294, avenue Elmgrove, Ottawa" }, "geometry": { "type": "Point", "coordinates": [ -75.752320478492635, 45.394277708137942 ] } },
{ "type": "Feature", "properties": { "PARK_ID": 812, "FACILITYID": 3549, "NAME": "Wading Pool - McNabb", "NAME_FR": "Pataugeoire - McNabb", "ADDRESS": "435 Bronson Ave.", "ADDRESS_FR": "435, av. Bronson", "ACCESSIBLE": "no\/non", "OPEN": null, "MODIFIED_D": "2017\/07\/06", "CREATED_DA": null, "SEASON": "July 4, 2017 to August 28, 2017", "SEASON_FR": "4 juillet 2017 au 28 août 2017", "MONDAY": "11 am to 6 pm", "MONDAY_FR": "11 h à 18 h", "TUESDAY": "Noon to 7 pm", "TUESDAY_FR": "12 h à 19 h", "WEDNESDAY": "Noon to 7 pm", "WEDNESDAY_": "12 h à 19 h", "THURSDAY": "Closed", "THURSDAY_F": "fermé", "FRIDAY": "11 am to 6 pm", "FRIDAY_FR": "11 h à 18 h", "SATURDAY": "Noon to 5 pm", "SATURDAY_F": "12 h à 17 h", "SUNDAY": "Noon to 5 pm", "SUNDAY_FR": "12 h à 17 h", "LINK": "http:\/\/ottawa.ca\/en\/residents\/recreation-and-parks\/swimming#wading-pool-locations", "LINK_FR": "http:\/\/ottawa.ca\/fr\/residents\/loisirs-et-parcs\/natation-recreative#emplacement-des-pataugeoires-et-horaire-des-baignades", "LINK_LABEL": "Wading Pools", "LINK_LAB_1": "Pataugeoires", "LINK_DESCR": null, "LINK_DES_1": null, "PARKNAME": "McNabb Park", "PARKNAME_F": "Parc McNabb", "PARKADDRES": "435 Bronson Avenue, Ottawa", "PARKADDR_1": "435, avenue Bronson, Ottawa" }, "geometry": { "type": "Point", "coordinates": [ -75.702744980439732, 45.40897618041744 ] } },
{ "type": "Feature", "properties": { "PARK_ID": 1003, "FACILITYID": 3503, "NAME": "Wading Pool - Alexander", "NAME_FR": "Pataugeoire - Alexander", "ADDRESS": "960 Silver St.", "ADDRESS_FR": "960, rue Silver", "ACCESSIBLE": "no\/non", "OPEN": null, "MODIFIED_D": "2017\/07\/06", "CREATED_DA": null, "SEASON": "July 4, 2017 to August 28, 2017", "SEASON_FR": "4 juillet 2017 au 28 août 2017", "MONDAY": "11 am to 6 pm", "MONDAY_FR": "11 h à 18 h", "TUESDAY": "Noon to 7 pm", "TUESDAY_FR": "12 h à 19 h", "WEDNESDAY": "Closed", "WEDNESDAY_": "fermé", "THURSDAY": "Noon to 7 pm", "THURSDAY_F": "12 h à 19 h", "FRIDAY": "11 am to 6 pm", "FRIDAY_FR": "11 h à 18 h", "SATURDAY": "Noon to 5 pm", "SATURDAY_F": "12 h à 17 h", "SUNDAY": "Noon to 5 pm", "SUNDAY_FR": "12 h à 17 h", "LINK": "http:\/\/ottawa.ca\/en\/residents\/recreation-and-parks\/swimming#wading-pool-locations", "LINK_FR": "http:\/\/ottawa.ca\/fr\/residents\/loisirs-et-parcs\/natation-recreative#emplacement-des-pataugeoires-et-horaire-des-baignades", "LINK_LABEL": "Wading Pools", "LINK_LAB_1": "Pataugeoires", "LINK_DESCR": null, "LINK_DES_1": null, "PARKNAME": "Alexander Park", "PARKNAME_F": "Parc Alexander", "PARKADDRES": "960 Silver Street, Ottawa", "PARKADDR_1": "960, rue Silver, Ottawa" }, "geometry": { "type": "Point", "coordinates": [ -75.731638585996592, 45.380330193754176 ] } },
{ "type": "Feature", "properties": { "PARK_ID": 170, "FACILITYID": 3519, "NAME": "Wading Pool - Champlain", "NAME_FR": "Pataugeoire - Champlain", "ADDRESS": "140 Carleton Ave.", "ADDRESS_FR": "140, av. Carleton", "ACCESSIBLE": "no\/non", "OPEN": null, "MODIFIED_D": "2017\/07\/06", "CREATED_DA": null, "SEASON": "July 4, 2017 to August 28, 2017", "SEASON_FR": "4 juillet 2017 au 28 août 2017", "MONDAY": "11 am to 6 pm", "MONDAY_FR": "11 h à 18 h", "TUESDAY": "Noon to 7 pm", "TUESDAY_FR": "12 h à 19 h", "WEDNESDAY": "Closed", "WEDNESDAY_": "fermé", "THURSDAY": "Noon to 7 pm", "THURSDAY_F": "12 h à 19 h", "FRIDAY": "11 am to 6 pm", "FRIDAY_FR": "11 h à 18 h", "SATURDAY": "Noon to 5 pm", "SATURDAY_F": "12 h à 17 h", "SUNDAY": "Noon to 5 pm", "SUNDAY_FR": "12 h à 17 h", "LINK": "http:\/\/ottawa.ca\/en\/residents\/recreation-and-parks\/swimming#wading-pool-locations", "LINK_FR": "http:\/\/ottawa.ca\/fr\/residents\/loisirs-et-parcs\/natation-recreative#emplacement-des-pataugeoires-et-horaire-des-baignades", "LINK_LABEL": "Wading Pools", "LINK_LAB_1": "Pataugeoires", "LINK_DESCR": null, "LINK_DES_1": null, "PARKNAME": "Champlain Park", "PARKNAME_F": "Parc Champlain", "PARKADDRES": "140 Carleton Avenue, Ottawa", "PARKADDR_1": "140, avenue Carleton, Ottawa" }, "geometry": { "type": "Point", "coordinates": [ -75.744964509854412, 45.404315899914522 ] } },
{ "type": "Feature", "properties": { "PARK_ID": 92, "FACILITYID": 3524, "NAME": "Wading Pool - Ev Tremblay", "NAME_FR": "Pataugeoire - Ev-Tremblay", "ADDRESS": "108 Beech St.", "ADDRESS_FR": "108, rue Beech", "ACCESSIBLE": "no\/non", "OPEN": null, "MODIFIED_D": "2017\/07\/06", "CREATED_DA": null, "SEASON": "July 4, 2017 to August 28, 2017", "SEASON_FR": "4 juillet 2017 au 28 août 2017", "MONDAY": "Closed", "MONDAY_FR": "fermé", "TUESDAY": "Noon to 7 pm", "TUESDAY_FR": "12 h à 19 h", "WEDNESDAY": "Noon to 7 pm", "WEDNESDAY_": "12 h à 19 h", "THURSDAY": "Noon to 7 pm", "THURSDAY_F": "12 h à 19 h", "FRIDAY": "11 am to 6 pm", "FRIDAY_FR": "11 h à 18 h", "SATURDAY": "Noon to 5 pm", "SATURDAY_F": "12 h à 17 h", "SUNDAY": "Noon to 5 pm", "SUNDAY_FR": "12 h à 17 h", "LINK": "http:\/\/ottawa.ca\/en\/residents\/recreation-and-parks\/swimming#wading-pool-locations", "LINK_FR": "http:\/\/ottawa.ca\/fr\/residents\/loisirs-et-parcs\/natation-recreative#emplacement-des-pataugeoires-et-horaire-des-baignades", "LINK_LABEL": "Wading Pools", "LINK_LAB_1": "Pataugeoires", "LINK_DESCR": null, "LINK_DES_1": null, "PARKNAME": "Ev Tremblay Park", "PARKNAME_F": "Parc Ev-Tremblay", "PARKADDRES": "108 Beech Street, Ottawa", "PARKADDR_1": "108, rue Beech, Ottawa" }, "geometry": { "type": "Point", "coordinates": [ -75.711482928452682, 45.399346110831537 ] } }
]
}
